CO_UNIDADE,CO_MUNICIPIO_GESTOR,Municipio,Mesoregiao,RegionaldeSaude,NU_CNPJ_MANTENEDORA,NO_FANTASIA,CO_CEP,NU_TELEFONE,NO_EMAIL,CO_ATIVIDADE,CO_TIPO_ESTABELECIMENTO,CO_CONVENIO_SUS,CO_CONVENIO_PARTICULAR,CO_CONVENIO_PLPUB,CO_CONVENIO_PSPRIV
2200057753322.0,220005,Acauã,Sudeste Piauiense,Vale Do Rio Guaribas,3961246000118.0,LABORATORIO DE PROTESE DENTARIA DE ACAUA,64748000.0,(89)34930032,smsacauan@hotmail.com,1,1,1,0,0,0
2200107269722.0,220010,Agricolândia,Centro Norte Piauiense,Entre Rios,2875123000100.0,LRPD DE AGRICOLANDIA,64440000.0,,,1,1,1,0,0,0
2200200972754.0,220020,Água Branca,Centro Norte Piauiense,Entre Rios,,CITOPREV,64460000.0,,CITOPREVAB@GMAIL.COM,1,1,1,1,0,0
2200209970991.0,220020,Água Branca,Centro Norte Piauiense,Entre Rios,,LABORATORIO DE ANALISES CLINICA AGUA BRANCA,64460000.0,(86)999012732,,1,1,1,1,0,0
2200250381772.0,220025,Alagoinha do Piauí,Sudeste Piauiense,Vale Do Rio Guaribas,,BIOLAB,64655000.0,89 34421128,mama.biomedica@hotmail.com,1,1,1,1,0,0
2200277325681.0,220027,Alegrete do Piauí,Sudeste Piauiense,Vale Do Rio Guaribas,2660575000166.0,LRPD ALEGRETE DO PIAUI PI,64675000.0,,,1,1,1,0,0,0
2200400938289.0,220040,Altos,Centro Norte Piauiense,Entre Rios,,BIOANALISE LTDA,64290000.0,86 32158585,,1,1,0,1,0,0
2200400997692.0,220040,Altos,Centro Norte Piauiense,Entre Rios,,NOVO VISUAL,64290000.0,86 94184608,carolfrcoelho@hotmail.com,1,1,0,1,0,0
2200402975653.0,220040,Altos,Centro Norte Piauiense,Entre Rios,,ILAB LABORATORIO BIOMEDICO,64290000.0,,,1,1,1,1,0,0
2200403078043.0,220040,Altos,Centro Norte Piauiense,Entre Rios,,BIO,64290000.0,86 94478062,biomaisaltos@gmail.com,1,1,0,1,0,0
2200403406490.0,220040,Altos,Centro Norte Piauiense,Entre Rios,,LAF LABORATORIO DE ANALISES FERREIRINHA,64290000.0,86 88111067,,1,1,0,1,0,0
2200403791203.0,220040,Altos,Centro Norte Piauiense,Entre Rios,,LABORATORIO EXAME TERESINA,64290000.0,86 32323957,liarthdgh@gmail.com,1,1,0,1,0,1
2200409084800.0,220040,Altos,Centro Norte Piauiense,Entre Rios,2807243000161.0,LRPD DE ALTOS,64290000.0,0862621137,smsaltos@hotmail.com,1,1,1,0,0,0
2200457425228.0,220045,Alvorada do Gurguéia,Sudoeste Piauiense,Chapada Das Mangabeiras,1612562000159.0,LABORATORIO DE PROTESE DENTARIA DE ALVORADA DO GURGUEIA,64923000.0,,,1,1,1,0,0,0
2200503651894.0,220050,Amarante,Centro Norte Piauiense,Entre Rios,,GIOMED,64400000.0,,,1,1,0,1,0,0
2200503809579.0,220050,Amarante,Centro Norte Piauiense,Entre Rios,,LABORATORIO DE DIAGNOSTICO CLINICO DO MEDIO PARNAIBA,64400000.0,(86)32921199,,1,1,0,1,1,1
2200507297092.0,220050,Amarante,Centro Norte Piauiense,Entre Rios,6268076000189.0,LABORATOIO DE PROTESE DE AMARANTE PI,64400000.0,86 32921199,,1,1,1,0,0,0
2200507424108.0,220050,Amarante,Centro Norte Piauiense,Entre Rios,,LABMED COMPROMISSO COM A SUA SAUDE,64400000.0,86-32921774,labmedbr@gmail.com,1,1,1,1,1,0
2200509783784.0,220050,Amarante,Centro Norte Piauiense,Entre Rios,,PRODENTEC,64400000.0,86 995411221,,1,1,0,1,0,0
2200604008138.0,220060,Angical do Piauí,Centro Norte Piauiense,Entre Rios,,LABORATORIO BIOEXAMES,64410000.0,(86) 9436 5369,,1,1,1,0,0,0
2200606985750.0,220060,Angical do Piauí,Centro Norte Piauiense,Entre Rios,,B B LABORATORIO DE PROTESE DENTARIA,64410000.0,,labprotesedental@hotmail.com,1,0,0,1,0,0
2200607269838.0,220060,Angical do Piauí,Centro Norte Piauiense,Entre Rios,6554752000180.0,LRPD DE ANGICAL DO PIAUI,64410000.0,,,1,1,1,0,0,0
2200707703244.0,220070,Anísio de Abreu,Sudoeste Piauiense,Serra Da Capivara,1676082000151.0,LABORATORIO DE PROTESES DENTARIA DE ANISIO DE ABREU PI,64780000.0,,,1,1,1,0,0,0
2200809980792.0,220080,Antônio Almeida,Sudoeste Piauiense,Tabuleiros Do Alto Parnaìba,2963537000182.0,LRPD DE ANTONIO ALMEIDA,64855000.0,,antalmeidasaude@hotmail.com,1,1,1,0,0,0
2200907460619.0,220090,Aroazes,Centro Norte Piauiense,Vale Do Sambito,6554984000139.0,LABORATORIO DE PROTESE DE AROAZES,64310000.0,,,1,1,1,0,0,0
2200957397569.0,220095,Aroeiras do Itaim,Sudeste Piauiense,Vale Do Rio Guaribas,7218763000152.0,LRPD DE AROEIRAS DO ITAIM,64612000.0,89 3421-8022,,1,1,1,0,0,0
2200959334807.0,220095,Aroeiras do Itaim,Sudeste Piauiense,Vale Do Rio Guaribas,,DISTRIBUIDORA LABORATORIO ALVES,64612000.0,89 94632452,,1,1,0,1,0,0
2201009873961.0,220100,Arraial,Centro Norte Piauiense,Vale Dos Rios Piauì E Itaueiras,2545932000145.0,LRPD DE ARRAIAL,64480000.0,,,1,1,1,0,0,0
2201057300417.0,220105,Assunção do Piauí,Centro Norte Piauiense,Carnaubais,1898631000132.0,LABORATORIO DE PROTESE DE ASSUNCAO DO PIAUI,64333000.0,86 3254-0057,saude-assuncao@hotmail.com,1,1,1,0,0,0
2201103318508.0,220110,Avelino Lopes,Sudoeste Piauiense,Chapada Das Mangabeiras,,BIOLAB,64965000.0,89 81243581,,1,1,0,1,0,0
2201107510667.0,220110,Avelino Lopes,Sudoeste Piauiense,Chapada Das Mangabeiras,2377019000187.0,LABORATORIO DE PROTESE DENTARIO AVELINO LOPES,64965000.0,,,1,1,1,0,0,0
2201177565143.0,220117,Barra D'Alcântara,Centro Norte Piauiense,Vale Do Sambito,1612565000273.0,LRPD DE BARRA DALCANTARA,64528000.0,,,1,1,1,0,0,0
2201200614750.0,220120,Barras,Norte Piauiense,Cocais,,CARDIOGRAFOS,64100000.0,86 32236176,marceloservicoscontabeis@hotmail.com,1,1,1,0,0,0
2201200707716.0,220120,Barras,Norte Piauiense,Cocais,,CLINVIDAS,64100000.0,86 32230738,admclinvidas@hotmail.com,1,1,1,1,0,1
2201202365030.0,220120,Barras,Norte Piauiense,Cocais,,LABOBARRAS,64100000.0,(86)3242 2700,,1,1,1,1,0,0
2201202365111.0,220120,Barras,Norte Piauiense,Cocais,,CLIMAR,64100000.0,(86)32421366,,1,1,0,1,0,0
2201203747514.0,220120,Barras,Norte Piauiense,Cocais,2758526000160.0,CLINICA SANTA MARTA LTDA,64100000.0,,,1,0,0,1,0,0
2201204008189.0,220120,Barras,Norte Piauiense,Cocais,,LABORATORIO PREVCAN,64100000.0,86-32216097,,1,1,0,1,0,0
2201206791115.0,220120,Barras,Norte Piauiense,Cocais,,LABORATORIO CLINICO PATRICK MESQUITA,64100000.0,,,1,1,1,1,0,0
2201206820964.0,220120,Barras,Norte Piauiense,Cocais,,CLINICA SANTA EMILIA,64100000.0,,,1,1,1,1,0,0
2201206861776.0,220120,Barras,Norte Piauiense,Cocais,2361201000140.0,LABORATORIO MUNICIPAL DE ANALISES CLINICAS,64100000.0,,,1,1,1,0,0,0
2201207328214.0,220120,Barras,Norte Piauiense,Cocais,,NEW LAB,64100000.0,,,1,1,1,1,0,0
2201207345038.0,220120,Barras,Norte Piauiense,Cocais,,LAB ANALISES,64100000.0,,,1,1,1,1,0,0
2201209242015.0,220120,Barras,Norte Piauiense,Cocais,,MD ANALISES,64100000.0,,,1,1,1,1,0,0
2201209405062.0,220120,Barras,Norte Piauiense,Cocais,,F C IMAGEM,64100000.0,,,1,1,1,1,0,0
2201209469249.0,220120,Barras,Norte Piauiense,Cocais,,BIOSAUDE,64100000.0,,,1,1,1,1,0,0
2201507277393.0,220150,Batalha,Norte Piauiense,Cocais,2861127000120.0,LABORATORIO DE PROTESE DENTARIA DE BATALHA,64190000.0,,,1,1,1,0,0,0
2201557284438.0,220155,Bela Vista do Piauí,Sudeste Piauiense,Vale Do Canindè,2460706000161.0,LRPD DE BELA VISTA DO PIAUI,64705000.0,,,1,1,1,0,0,0
2201607269811.0,220160,Beneditinos,Centro Norte Piauiense,Entre Rios,2701953000102.0,LRPD DE BENEDITINOS,64380000.0,,,1,1,1,0,0,0
2201709436200.0,220170,Bertolínia,Sudoeste Piauiense,Vale Dos Rios Piauì E Itaueiras,2458170000140.0,LABORATORIO DE PROTESE DE BERTOLINIA PI,64870000.0,,,1,1,1,0,0,0
2201737312539.0,220173,Betânia do Piauí,Sudeste Piauiense,Vale Do Rio Guaribas,2433932000153.0,LABORATORIO REGIONAL DE PROTESE DENTARIA LRPD,64753000.0,(89) 3497-0050,smsbetaniadopiaui@hotmail.com,1,1,1,0,0,0
2201777323972.0,220177,Boa Hora,Norte Piauiense,Carnaubais,1612568000126.0,LRPD SMS BOA HORA,64108000.0,,,1,1,1,0,0,0
2201807675127.0,220180,Bocaina,Sudeste Piauiense,Vale Do Rio Guaribas,2470172000154.0,LRPD DE BOCAINA,64630000.0,,,1,1,1,0,0,0
2201902490528.0,220190,Bom Jesus,Sudoeste Piauiense,Chapada Das Mangabeiras,,LABLEMOS LABORATORIO DE ANALISES CLINICAS,64900000.0,(89)35621689,,1,1,1,1,0,0
2201902948338.0,220190,Bom Jesus,Sudoeste Piauiense,Chapada Das Mangabeiras,,CLINLAB,64900000.0,89 81198931,clinlab.bj@gmail.com,1,1,0,1,0,0
2201904008219.0,220190,Bom Jesus,Sudoeste Piauiense,Chapada Das Mangabeiras,,LABORATORIO DR MARCIA PIAUILINO,64900000.0,89 35621734,clinicapinheiro@hotmail.com,1,1,1,0,0,0
2201906691889.0,220190,Bom Jesus,Sudoeste Piauiense,Chapada Das Mangabeiras,,CMDI CENTRO MEDICO DE DIAGNOSTICO POR IMAGEM,64900000.0,89)35622635-81356086,cmdibomjesus@hotmail.com,1,1,0,0,0,1
2201919011080.0,220191,Bom Princípio do Piauí,Norte Piauiense,Planície Litorânea,2509009000158.0,LRPD DE BOM PRINCIPIO DO PIAUI,64225000.0,8633271170,smsbomprincipio@hotmail.com,1,1,1,0,0,0
2201927666306.0,220192,Bonfim do Piauí,Sudoeste Piauiense,Serra Da Capivara,2564457000154.0,LRPD DO BONFIM DO PIAUI,64775000.0,8935811154,smsbonfimpi@gmail.com,1,1,1,0,0,0
2201947273630.0,220194,Boqueirão do Piauí,Centro Norte Piauiense,Carnaubais,2372388000187.0,LABORATORIO REGIONAL DE PROTESE DENTARIA LRPD,64283000.0,,,1,1,1,0,0,0
2201967277636.0,220196,Brasileira,Norte Piauiense,Cocais,2630576000168.0,LABORATORIO ODONTOLOGICO DE BRASILEIRA,64265000.0,,smsbrasileira@gmail.com,1,1,1,0,0,0
2201980940127.0,220198,Brejo do Piauí,Sudoeste Piauiense,Vale Dos Rios Piauì E Itaueiras,1612567000181.0,LRPD DE BREJO DO PIAUI,64895000.0,89981151575,,1,1,1,0,0,0
2202000111155.0,220200,Buriti dos Lopes,Norte Piauiense,Planície Litorânea,6554455000640.0,LABORATORIO DE PROTESE ODONTOLOGICA DE BURITI DOS LOPES,64230000.0,,,1,1,1,0,0,0
2202002365308.0,220200,Buriti dos Lopes,Norte Piauiense,Planície Litorânea,,LACOB,64230000.0,(86)3631295,,1,1,0,1,0,0
2202009402675.0,220200,Buriti dos Lopes,Norte Piauiense,Planície Litorânea,6554455000640.0,LABORATORIO BURITI DOS LOPES,64230000.0,,,1,1,1,0,0,0
2202009633618.0,220200,Buriti dos Lopes,Norte Piauiense,Planície Litorânea,6554455000640.0,CENTRO MUNICIPAL DE FISIOTERAPIA DR SILVIO LEODIDO DE SOUSA,64230000.0,,,1,1,1,0,0,0
2202057268505.0,220205,Cabeceiras do Piauí,Norte Piauiense,Carnaubais,2800976000174.0,LABORATORIO DE PROTESE DENTARIA DE CABECEIRAS DO PIAUI,64105000.0,(86)81436510,betania.monteiro@hotmail.com,1,0,1,0,0,0
2202077280629.0,220207,Cajazeiras do Piauí,Sudeste Piauiense,Vale Do Canindè,4384268000125.0,LRPD DE CAJAZEIRAS DO PIAUI,64514000.0,,,1,1,1,0,0,0
2202087779283.0,220208,Cajueiro da Praia,Norte Piauiense,Planície Litorânea,5266565000139.0,LABORATORIO DE PROTESES DE CAJUEIRO DA PRAIA,64222000.0,,,1,1,2,0,0,0
2202097320450.0,220209,Caldeirão Grande do Piauí,Sudeste Piauiense,Vale Do Rio Guaribas,41522293000154.0,LRPD DE CALDEIRAO GRANDE DO PIAUI,64695000.0,,,1,1,1,0,0,0
2202109920692.0,220210,Campinas do Piauí,Sudeste Piauiense,Vale Do Canindè,2703617000107.0,LABORATORIO DE PROTESES DENTARIA DE CAMPINAS DO PIAUI,64730000.0,,,1,1,1,0,0,0
2202117101880.0,220211,Campo Alegre do Fidalgo,Sudeste Piauiense,Serra Da Capivara,1761167000138.0,LRPD ZECA FEITOSA,64767000.0,8934920019,sms,1,1,1,0,0,0
2202119004068.0,220211,Campo Alegre do Fidalgo,Sudeste Piauiense,Serra Da Capivara,,CONSULTORIO ORTODONTO,64767000.0,86 94554945,prismahara@hotmail.com,1,1,0,1,0,0
2202130778788.0,220213,Campo Grande do Piauí,Sudeste Piauiense,Vale Do Rio Guaribas,,CITOLAB,64578000.0,89 34222949,brunoerminio@hotmail.com,1,1,0,1,0,0
2202137393024.0,220213,Campo Grande do Piauí,Sudeste Piauiense,Vale Do Rio Guaribas,1612570000103.0,LABORATORIO DE PROTESE DENTARIA LRPD,64578000.0,8934760076,,1,1,1,0,0,0
2202179013962.0,220217,Campo Largo do Piauí,Norte Piauiense,Cocais,5994552000186.0,LABORATORIO DE PROTESE DE CAMPO LARGO DO PIAUI,64148000.0,,,1,1,1,0,0,0
2202202324180.0,220220,Campo Maior,Centro Norte Piauiense,Carnaubais,,LAB DE ANAL CL E CLINICA ODONTOLOGICA LTDA LABCAM,64280000.0,(86)3252-1526,,1,1,1,0,0,0
2202202365510.0,220220,Campo Maior,Centro Norte Piauiense,Carnaubais,,CEMED,64280000.0,(86)2521910,,1,1,1,0,0,0
2202202951916.0,220220,Campo Maior,Centro Norte Piauiense,Carnaubais,,LABORATORIO EXAME TERESINA,64280000.0,86 32323957,liarth@bol.com.br,1,1,0,2,0,2
2202205370906.0,220220,Campo Maior,Centro Norte Piauiense,Carnaubais,,CLINICA DE DIAGNOSTICO POR IMAGEM,64280000.0,,,1,1,0,1,1,1
2202209209891.0,220220,Campo Maior,Centro Norte Piauiense,Carnaubais,,ROBERIO SAMPAIO PROTESE DENTARIA,64280000.0,86 33032278,roberiofsampaio@hotmail.com,1,1,0,1,0,0
2202209756825.0,220220,Campo Maior,Centro Norte Piauiense,Carnaubais,2439877000109.0,LABORATORIO MUNICIPAL DE CAMPO MAIOR,64280000.0,,,1,2,2,0,0,0
2202209857540.0,220220,Campo Maior,Centro Norte Piauiense,Carnaubais,,CENTROLAB,64280000.0,86 981531563,centrolabcm@gmail.com,1,2,2,2,0,0
2202257846819.0,220225,Canavieira,Sudoeste Piauiense,Vale Dos Rios Piauì E Itaueiras,3265143000113.0,LABORATORIO REGIONAL DE PROTESE DENTARIA DE CANAVIEIRA PI,64833000.0,89994602022,,1,1,1,0,0,0
2202303361276.0,220230,Canto do Buriti,Sudoeste Piauiense,Vale Dos Rios Piauì E Itaueiras,,SANTA MARIA ANALISES CLINICAS,64890000.0,(89)5311930,labsanta,1,0,0,1,0,0
2202304008324.0,220230,Canto do Buriti,Sudoeste Piauiense,Vale Dos Rios Piauì E Itaueiras,,LABORATORIO MARIA ROSA DE VASCONCELOS,64890000.0,(089) 3521-1564,,1,1,0,1,0,1
2202307489986.0,220230,Canto do Buriti,Sudoeste Piauiense,Vale Dos Rios Piauì E Itaueiras,6554042000665.0,LRPD DE CANTO DO BURITI,64890000.0,,,1,1,1,0,0,0
2202307949197.0,220230,Canto do Buriti,Sudoeste Piauiense,Vale Dos Rios Piauì E Itaueiras,,LABORATORIO DE ANALISE CLINICAS EXAMINAR,64890000.0,8935311699,emanuelwesley1@hotmail.com,1,1,0,1,0,0
2202404021320.0,220240,Capitão de Campos,Centro Norte Piauiense,Cocais,,LABSAUDE LABORATORIO E CLINICA MEDICA,64270000.0,86 81361317,labsaudecc@hotmail.com,1,1,0,1,0,0
2202457274777.0,220245,Capitão Gervásio Oliveira,Sudeste Piauiense,Serra Da Capivara,1612569000170.0,LRPD CAPITAO GERVASIO OLIVEIRA,64763000.0,8934910014,,1,1,1,0,0,0
2202500821799.0,220250,Caracol,Sudoeste Piauiense,Serra Da Capivara,2865724000123.0,LRPD DE CARACOL,64795000.0,,,1,1,1,0,0,0
2202506035469.0,220250,Caracol,Sudoeste Piauiense,Serra Da Capivara,,G D M EXAMES,64795000.0,,,1,1,1,1,0,0
2202537396678.0,220253,Caraúbas do Piauí,Norte Piauiense,Planície Litorânea,2534760000104.0,LABORATORIO REGIONAL DE PROTESE DENTARIA DE CARAUBAS DO PI,64233000.0,,,1,1,1,0,0,0
2202557270933.0,220255,Caridade do Piauí,Sudeste Piauiense,Vale Do Rio Guaribas,1736654000140.0,LRPD DE CARIDADE DO PIAUI,64590000.0,,smscaridadepi@saude.pi.gov.br,1,1,1,0,0,0
2202602880903.0,220260,Castelo do Piauí,Centro Norte Piauiense,Carnaubais,,LABORATORIO PIMENTEL,64340000.0,86981171893,,1,1,0,1,0,0
2202606876986.0,220260,Castelo do Piauí,Centro Norte Piauiense,Carnaubais,,LANACS,64340000.0,,,1,1,0,1,0,0
2202607361092.0,220260,Castelo do Piauí,Centro Norte Piauiense,Carnaubais,703455000173.0,LABORATORIO DE PROTESE DENTARIA DE CASTELO DO PIAUI,64340000.0,8632471425,smscastelo@yahoo.com.br,1,1,1,0,0,0
2202607806884.0,220260,Castelo do Piauí,Centro Norte Piauiense,Carnaubais,,CLINICAL LAB ANTONIO LUIS CARDOSO,64340000.0,,wallacemellojr@gmail.com,1,1,1,1,0,1
2202657742657.0,220265,Caxingó,Norte Piauiense,Planície Litorânea,2544502000109.0,LRPD DE CAXINGO,64228000.0,86 33320001,SMSCAXINGO@HOTMAIL.COM,1,1,1,0,0,0
2202703279324.0,220270,Cocal,Norte Piauiense,Planície Litorânea,,UNILAB,64235000.0,,,1,0,0,1,0,0
2202707284292.0,220270,Cocal,Norte Piauiense,Planície Litorânea,6553895000178.0,LABORATORIO REGIONAL DE PROTESE DENTARIA LRPD COCAL,64235000.0,8633621341,,1,1,1,0,0,0
2202717268807.0,220271,Cocal de Telha,Centro Norte Piauiense,Carnaubais,2439878000153.0,LABORATORIO REGIONAL DE PROTESE DENTARIA,64278000.0,,,1,1,1,0,0,0
2202737323697.0,220273,Coivaras,Centro Norte Piauiense,Entre Rios,2667961000180.0,LRPD DE COIVARAS,64335000.0,,smscoivaras@hotmail.com,1,1,1,0,0,0
2202750624098.0,220275,Colônia do Gurguéia,Sudoeste Piauiense,Chapada Das Mangabeiras,,LABORATORIO ROCHA,64885000.0,89994636053,Rocha.lab21@gmail.com,1,1,0,1,0,1
2202900886637.0,220290,Corrente,Sudoeste Piauiense,Chapada Das Mangabeiras,,LABORATORIO MARIANO,64980000.0,89994079788,,1,1,0,1,0,0
2202905442079.0,220290,Corrente,Sudoeste Piauiense,Chapada Das Mangabeiras,,LABORATORIO DE ANALISES CLINICAS PACHECO,64980000.0,,,1,1,0,1,0,0
2202907303327.0,220290,Corrente,Sudoeste Piauiense,Chapada Das Mangabeiras,,LABORATORIO DE PROTESE CARVALHO,64980000.0,8935732135,,1,1,0,1,0,0
2202907304382.0,220290,Corrente,Sudoeste Piauiense,Chapada Das Mangabeiras,2034458000197.0,LABORATORIO MUNICIPAL DE ANALISES CLINICAS DE CORRENTE,64980000.0,8935731451,smscorrente@hotmail.com,1,1,1,0,0,0
2202907328036.0,220290,Corrente,Sudoeste Piauiense,Chapada Das Mangabeiras,,LABORATORIO VIDA SAUDE,64980000.0,8935731683,labvidasaude@bol.com.br,1,1,1,1,0,0
2202907786204.0,220290,Corrente,Sudoeste Piauiense,Chapada Das Mangabeiras,,CLINICA ORTOIMPLANTE,64980000.0,,,1,1,0,1,0,0
2202909588663.0,220290,Corrente,Sudoeste Piauiense,Chapada Das Mangabeiras,,LAB VIDA,64980000.0,,,1,1,0,1,0,0
2203007966334.0,220300,Cristalândia do Piauí,Sudoeste Piauiense,Chapada Das Mangabeiras,1856042000191.0,LABORATORIO DE PROTESES DENTARIAS DE CRISTALANDIA DO PIAUI,64995000.0,89-35761359,,1,1,1,0,0,0
2203107389345.0,220310,Cristino Castro,Sudoeste Piauiense,Chapada Das Mangabeiras,922402000143.0,LRPD DE CRISTINO CASTRO,64920000.0,,,1,1,1,0,0,0
2203203586510.0,220320,Curimatá,Sudoeste Piauiense,Chapada Das Mangabeiras,,CLIMEDIC,64960000.0,,,1,0,0,1,0,0
2203204008499.0,220320,Curimatá,Sudoeste Piauiense,Chapada Das Mangabeiras,,LAB DRA MARCIA PIAUILINO,64960000.0,(89)5741587,,1,0,1,1,0,0
2203204045467.0,220320,Curimatá,Sudoeste Piauiense,Chapada Das Mangabeiras,,LABORATORIO CURIMATA,64960000.0,89)981049514,LABORATORIOCURIMATA@GMAIL.COM,1,1,0,1,0,0
2203207471890.0,220320,Curimatá,Sudoeste Piauiense,Chapada Das Mangabeiras,,LUSTOSA LABORATORIO E ANALISE,64960000.0,,tgulliolustosa@gmail.com,1,1,3,0,0,0
2203207963823.0,220320,Curimatá,Sudoeste Piauiense,Chapada Das Mangabeiras,1958265000160.0,LABORATORIO DE PROTESES DENTARIAS DE CURIMATA,64960000.0,8935741485,,1,1,1,0,0,0
2203257372469.0,220325,Curralinhos,Centro Norte Piauiense,Entre Rios,3231879000170.0,LRPD DE CURRALINHOS,64453000.0,8632730041,SAUDECURRALINHOS@HOTMAIL.COM,1,1,1,0,0,0
2203277274874.0,220327,Curral Novo do Piauí,Sudeste Piauiense,Vale Do Rio Guaribas,7417536000156.0,LRPD CURRAL NOVO DO PIAUI,64595000.0,,smscn@firme.com.br,1,1,1,0,0,0
2203307664435.0,220330,Demerval Lobão,Centro Norte Piauiense,Entre Rios,6554885000157.0,LRPD DE DEMERVAL LOBAO,64390000.0,,,1,1,1,0,0,0
2203350474681.0,220335,Dirceu Arcoverde,Sudoeste Piauiense,Serra Da Capivara,3049185000117.0,LRPD DE DIRCEU ARCOVERDE PI,64785000.0,,,1,1,1,0,0,0
2203359156496.0,220335,Dirceu Arcoverde,Sudoeste Piauiense,Serra Da Capivara,,LAB SORRISO,64785000.0,(89) 8125-5344,beatriz.maianne@hotmail.com,1,1,0,1,0,0
2203407403712.0,220340,Dom Expedito Lopes,Sudeste Piauiense,Vale Do Rio Guaribas,2066120000117.0,LRPD DE DOM EXPEDITO LOPES,64620000.0,,,1,1,1,0,0,0
2203427278896.0,220342,Domingos Mourão,Centro Norte Piauiense,Cocais,3118011000169.0,LABORATORIO DE PROTESE DENTARIA DE DOMINGOS MOURAO,64250000.0,,,1,1,1,0,0,0
2203457508093.0,220345,Dom Inocêncio,Sudoeste Piauiense,Serra Da Capivara,23500002000145.0,LABORATORIO DE PROTESE DENTARIA DE DOM INOCENCIO,64790000.0,,,1,1,1,0,0,0
2203607355246.0,220360,Eliseu Martins,Sudoeste Piauiense,Chapada Das Mangabeiras,2852126000110.0,LRPD DE ELISEU MARTINS,64880000.0,,,1,1,1,0,0,0
2203700997455.0,220370,Esperantina,Norte Piauiense,Cocais,4266498000190.0,LABORATORIO MUNICIPAL DE ESPERANTINA,64180000.0,(86) 3383 1538,DEVISAESPERANTINA@GMAIL.COM,1,1,1,0,0,0
2203707447302.0,220370,Esperantina,Norte Piauiense,Cocais,,BIOMED EXAMES,64180000.0,86-33831254,biomedexames@gmail.com,1,1,1,0,0,0
2203707831064.0,220370,Esperantina,Norte Piauiense,Cocais,4266498000190.0,LRPD DE ESPERANTINA,64180000.0,,smsesperantina@yahoo.com.br,1,1,1,0,0,0
2203707984138.0,220370,Esperantina,Norte Piauiense,Cocais,,LABORATORIO DE PROTESES DENTARIA PIRIPIRI ESPERANTINA,64180000.0,86 98196011,,1,1,1,0,0,0
2203759932550.0,220375,Fartura do Piauí,Sudoeste Piauiense,Serra Da Capivara,41522384000190.0,LRPD DE FARTURA DO PIAUI,64788000.0,,,1,1,1,0,0,0
2203807484097.0,220380,Flores do Piauí,Sudoeste Piauiense,Vale Dos Rios Piauì E Itaueiras,6554158000190.0,LRPD DE FLORES DO PIAUI,64815000.0,,,1,1,1,0,0,0
2203859207775.0,220385,Floresta do Piauí,Sudeste Piauiense,Vale Do Canindè,1753843000121.0,LRPD DE FLORESTA DO PIAUI,64563000.0,,florestasms20@hotmail.com,1,1,1,0,0,0
2203900047309.0,220390,Floriano,Sudoeste Piauiense,Vale Dos Rios Piauì E Itaueiras,,ANALISAR EXAMES LABORATORIAS,64800110.0,89 35214882,in-focontas@hotmail.com,1,1,1,1,0,1
2203900991325.0,220390,Floriano,Sudoeste Piauiense,Vale Dos Rios Piauì E Itaueiras,,LABORATORIO DE PROTESE SIQUEIRA,64807439.0,89 94748924,asteconfloriano@gmail.com,1,1,0,1,0,0
2203902694336.0,220390,Floriano,Sudoeste Piauiense,Vale Dos Rios Piauì E Itaueiras,,LABORATORIO CARLOS CHAGAS,64800132.0,(86)5221208,,1,1,1,1,0,0
2203902855828.0,220390,Floriano,Sudoeste Piauiense,Vale Dos Rios Piauì E Itaueiras,,LAB CENTER,64800076.0,89 94663239,labcenterfloriano@gmail.com,2,1,2,2,0,2
2203903036200.0,220390,Floriano,Sudoeste Piauiense,Vale Dos Rios Piauì E Itaueiras,10640637000104.0,CTACENTRO DE TESTAGEM E ACONS DSTHIVAIDS,64800068.0,(89)5151010,,1,1,1,0,0,0
2203905708206.0,220390,Floriano,Sudoeste Piauiense,Vale Dos Rios Piauì E Itaueiras,,LABOVIDA,64800082.0,08935213600,,1,1,1,1,0,0
2203906643469.0,220390,Floriano,Sudoeste Piauiense,Vale Dos Rios Piauì E Itaueiras,,CIAMOLAB,64800280.0,(89)-3521-3080,JPBIOQUIMICO@HOTMAIL.COM,1,1,1,1,0,0
2203907215347.0,220390,Floriano,Sudoeste Piauiense,Vale Dos Rios Piauì E Itaueiras,,CLINICA ODONTOLOGICA DR RAIMUNDO MARTINS,64800046.0,8935223300,raimar@floriano.net.br,1,1,1,1,0,0
2203907445636.0,220390,Floriano,Sudoeste Piauiense,Vale Dos Rios Piauì E Itaueiras,,MR LABORATORIO DE PROTESE DENTARIA,64800000.0,,,1,0,1,1,0,0
2203907660030.0,220390,Floriano,Sudoeste Piauiense,Vale Dos Rios Piauì E Itaueiras,,MAXILLA,64800290.0,8935211056,heladiocastro@gmail.com,1,1,0,1,0,0
2204109873988.0,220410,Francisco Ayres,Centro Norte Piauiense,Vale Dos Rios Piauì E Itaueiras,2445565000108.0,LRPD DE FRANCISCO AYRES,64475000.0,,,1,1,1,0,0,0
2204157279043.0,220415,Francisco Macedo,Sudeste Piauiense,Vale Do Rio Guaribas,2676031000192.0,LRPD DE FRANCISCO MACEDO,64683000.0,89 34350059,SMSFRANCISCOMACEDO@HOTMAIL.COM,1,1,1,0,0,0
2204204008820.0,220420,Francisco Santos,Sudeste Piauiense,Vale Do Rio Guaribas,,BIODIAGNOSTICO,64645000.0,8934223840,,1,1,1,1,0,0
2204207704615.0,220420,Francisco Santos,Sudeste Piauiense,Vale Do Rio Guaribas,1094665000174.0,LABORATORIO DE PROTESE DENTARIO,64645000.0,,,1,1,1,0,0,0
2204209634932.0,220420,Francisco Santos,Sudeste Piauiense,Vale Do Rio Guaribas,,CENTROLAB,64645000.0,,centrolabfs@gmail.com,1,1,0,1,0,1
2204300845027.0,220430,Fronteiras,Sudeste Piauiense,Vale Do Rio Guaribas,3543912000106.0,LABORATORIO DE PROTESE DENTARIA LAB MASTER,64690000.0,89 99196189,contapicos@hotmail.com,1,1,1,1,0,0
2204302324520.0,220430,Fronteiras,Sudeste Piauiense,Vale Do Rio Guaribas,,LAB DE ANAL CLIN DE FRONTEIRAS LTDA,64690000.0,,,1,0,1,0,0,0
2204307717156.0,220430,Fronteiras,Sudeste Piauiense,Vale Do Rio Guaribas,3543912000106.0,LABORATORIO MUNICIPAL DE PROTESES DENTARIAS,64690000.0,,,1,1,1,0,0,0
2204352913771.0,220435,Geminiano,Sudeste Piauiense,Vale Do Rio Guaribas,1668772000169.0,LABORATORIO VINICIUS BORGES,64613000.0,84 99208906,vinicius-moura123@hotmail.com,1,1,0,1,0,0
2204357509537.0,220435,Geminiano,Sudeste Piauiense,Vale Do Rio Guaribas,1668772000169.0,LRPD GEMINIANO PI,64613000.0,8934260001,,1,1,1,0,0,0
2204500859729.0,220450,Guadalupe,Sudoeste Piauiense,Vale Dos Rios Piauì E Itaueiras,,LABOCLINICA,64840000.0,89 35521646,laboclinicagua@gmail.com,1,1,1,1,0,0
2204506424015.0,220450,Guadalupe,Sudoeste Piauiense,Vale Dos Rios Piauì E Itaueiras,,LAB DE ANAL CLIN DE GUADALUPE,64840000.0,,,1,1,1,0,0,0
2204507743793.0,220450,Guadalupe,Sudoeste Piauiense,Vale Dos Rios Piauì E Itaueiras,2042022000140.0,LOBORATORIO REGIONAL DE PROTESE DENTARIA DE GUADALUPE PI,64840000.0,8935521247,SAUDEGDP@YAHOO.COM.BR,1,1,1,0,0,0
2204553420965.0,220455,Guaribas,Sudoeste Piauiense,Serra Da Capivara,3043161000150.0,LRPD DE GUARIBAS,64798000.0,,,1,1,1,0,0,0
2204557323441.0,220455,Guaribas,Sudoeste Piauiense,Serra Da Capivara,3043161000150.0,LABORATORIO DE PROTESE DE GUARIBAS,64798000.0,,,1,1,1,0,0,0
2204607667949.0,220460,Hugo Napoleão,Centro Norte Piauiense,Entre Rios,2889449000188.0,LRPD DE HUGO NAPOLEAO,64470000.0,,,1,1,1,0,0,0
2204654008928.0,220465,Ilha Grande,Norte Piauiense,Planície Litorânea,,LACIG,64224000.0,,,1,1,0,1,0,0
2204707747616.0,220470,Inhuma,Centro Norte Piauiense,Vale Do Sambito,6553739000298.0,LABORATORIO REGIONAL DE PROTESE DENTARIA DE INHUMA PI,64535000.0,,,1,1,1,0,0,0
2204800864285.0,220480,Ipiranga do Piauí,Sudeste Piauiense,Vale Do Rio Guaribas,1720262000193.0,LRPD DE IPIRANGA DO PIAUI,64540000.0,,,1,1,1,0,0,0
2204807090102.0,220480,Ipiranga do Piauí,Sudeste Piauiense,Vale Do Rio Guaribas,,CLINDILABOR,64540000.0,89 3440 1098,dalilanogueira3@hotmail.com,1,1,0,1,0,0
2204807284535.0,220480,Ipiranga do Piauí,Sudeste Piauiense,Vale Do Rio Guaribas,1720262000193.0,LABORATORIO DE PROTESE DENTARIO,64540000.0,,,1,1,1,0,0,0
2204900475270.0,220490,Isaías Coelho,Sudeste Piauiense,Vale Do Canindè,933730000145.0,LRPD DE ISAIAS COELHO,64570000.0,,,1,1,1,0,0,0
2205006570119.0,220500,Itainópolis,Sudeste Piauiense,Vale Do Rio Guaribas,,LABOFLOR,64565000.0,,,1,1,0,1,0,0
2205009235663.0,220500,Itainópolis,Sudeste Piauiense,Vale Do Rio Guaribas,,SORRISO BOM,64565000.0,89 34220000,contapicos@hotmail.com,1,1,1,0,0,0
2205100755567.0,220510,Itaueira,Sudoeste Piauiense,Vale Dos Rios Piauì E Itaueiras,,LABOFLOR,64820000.0,89 99426521,zebrunofiIhohotmaiI.com e udilabofIorhotmaiI.com,1,1,1,1,0,0
2205102766892.0,220510,Itaueira,Sudoeste Piauiense,Vale Dos Rios Piauì E Itaueiras,,LAB ANAL CL ENEAS MAIA NETO LABOFLOR,64820000.0,,,1,1,1,1,0,0
2205157281595.0,220515,Jacobina do Piauí,Sudeste Piauiense,Vale Do Rio Guaribas,2737969000175.0,LRPD LABORATORIO REGIONAL DE PROTESE DENTARIO,64755000.0,8934881149,saudejacobina@hotmail.com,1,1,1,0,0,0
2205200825166.0,220520,Jaicós,Sudeste Piauiense,Vale Do Rio Guaribas,,LABORATORIO DE PROTESE DENTARIA PRODENTE,64575000.0,89 99346627,naiararyan28@gmail.com,1,2,0,2,0,0
2205257369239.0,220525,Jardim do Mulato,Centro Norte Piauiense,Entre Rios,1825794000195.0,LRPD DE JARDIM DO MULATO PIAUI,64495000.0,,,1,1,1,0,0,0
2205277287100.0,220527,Jatobá do Piauí,Centro Norte Piauiense,Carnaubais,2406316000103.0,LABORATORIO REGIONAL DE PROTESE DENTARIA LRPD,64275000.0,8632660015,smsaude.jatoba@bol.com.br,1,1,1,0,0,0
2205357274858.0,220535,João Costa,Sudeste Piauiense,Serra Da Capivara,1612580000130.0,LABORATORIO DE PROTESES DENTARIA JOAO COSTA PI,64765000.0,89 3486-0036,smsjoaocosta@gmail.com,1,1,1,0,0,0
2205450984647.0,220545,Joca Marques,Norte Piauiense,Cocais,1612677000143.0,LABORATORIO DE PROTESE DENTARIA DE JOCA MARQUES,64165000.0,86981923882,smsaudejocamarques@hotmail.com,1,1,1,0,0,0
2205457277644.0,220545,Joca Marques,Norte Piauiense,Cocais,1612677000143.0,LRPD DE JOCA MARQUES,64165000.0,,,1,1,1,0,0,0
2205500885649.0,220550,José de Freitas,Centro Norte Piauiense,Entre Rios,,LAB CLINICA SAUDE,64110000.0,86 98239452,,1,1,0,1,0,0
2205503466329.0,220550,José de Freitas,Centro Norte Piauiense,Entre Rios,,LABORATORIO NOSSA SENHORA DO LIVRAMENTO,64110000.0,86 3264 2524,,1,1,0,1,0,0
2205519977341.0,220551,Juazeiro do Piauí,Centro Norte Piauiense,Carnaubais,2254640000153.0,LRPD DE JUAZEIRO DO PIAUI,64343000.0,,,1,1,1,0,0,0
2205527273428.0,220552,Júlio Borges,Sudoeste Piauiense,Chapada Das Mangabeiras,2834429000100.0,LABORARTORIO DE PROTESE DENTARIA,64963000.0,,,1,1,1,0,0,0
2205530869872.0,220553,Jurema,Sudoeste Piauiense,Serra Da Capivara,1612585000163.0,LRPD DE JUREMA,64782000.0,89981008346,,1,1,1,0,0,0
2205540813737.0,220554,Lagoinha do Piauí,Centro Norte Piauiense,Entre Rios,2970115000134.0,LABORATORIO DE PROTESES DE LAGOINHA DO PIAUI,64465000.0,,,1,1,1,0,0,0
2205549550895.0,220554,Lagoinha do Piauí,Centro Norte Piauiense,Entre Rios,2970115000134.0,LRPD DE LAGOINHA DO PIAUI,64465000.0,,,1,1,1,0,0,0
2205567036191.0,220556,Lagoa do Barro do Piauí,Sudeste Piauiense,Serra Da Capivara,1966908000117.0,LRPD LABORATORIO REGIONAL DE PROTESE DENTARIA,64768000.0,,,1,1,1,0,0,0
2205577279426.0,220557,Lagoa de São Francisco,Centro Norte Piauiense,Cocais,3056303000114.0,LRPD DE LAGOA DE SAO FRANCISCO,64258000.0,,smslsfrancisco@yahoo.com.br,1,1,1,0,0,0
2205587420064.0,220558,Lagoa do Piauí,Centro Norte Piauiense,Entre Rios,1933070000165.0,LABORATORIO DE PROTESE DENTARIO DE LAGOA DO PIAUI,64388000.0,86 32591178,saudelagodopiaui@bol.com.br,1,1,1,0,0,0
2205592869314.0,220559,Lagoa do Sítio,Centro Norte Piauiense,Vale Do Sambito,,DENT LAB AS,64308000.0,89 99212302,sousaalderi@gmail.com,1,1,0,1,0,0
2205597313764.0,220559,Lagoa do Sítio,Centro Norte Piauiense,Vale Do Sambito,2930943000149.0,LRPD LAGOA DO SITIO,64308000.0,8934671102,smslagoadositio@yaoo.com.br,1,1,1,0,0,0
2205607681828.0,220560,Landri Sales,Sudoeste Piauiense,Vale Dos Rios Piauì E Itaueiras,1856060000173.0,LRPD DE LANDRI SALES,64850000.0,,smslandrisales@gmail.com,1,1,1,0,0,0
2205702366177.0,220570,Luís Correia,Norte Piauiense,Planície Litorânea,2388030000142.0,CIS DE LUIS CORREIA,64220000.0,(86)3671211,,1,1,1,0,0,0
2205800877050.0,220580,Luzilândia,Norte Piauiense,Cocais,1761198000199.0,LRPD DE LUZILANDIA,64160000.0,,,1,1,1,0,0,0
2205802936828.0,220580,Luzilândia,Norte Piauiense,Cocais,1761198000199.0,LABORATORIO CLINILAB,64160000.0,,,1,1,1,0,0,0
2205809883657.0,220580,Luzilândia,Norte Piauiense,Cocais,,LABOARTE,64160000.0,86 33931400,carlos.henrick.ch82@gmail.com,1,1,0,1,0,0
2205907849400.0,220590,Manoel Emídio,Sudoeste Piauiense,Vale Dos Rios Piauì E Itaueiras,6554125000220.0,LRPD DE MANOEL EMIDIO,64875000.0,(89) 35351281,saudemepi@hotmail.com,1,1,1,0,0,0
2205953595935.0,220595,Marcolândia,Sudeste Piauiense,Vale Do Rio Guaribas,,LABORATORIO SAO CRISTOVAO,64685000.0,,,1,1,0,1,0,0
2205959219528.0,220595,Marcolândia,Sudeste Piauiense,Vale Do Rio Guaribas,,LABORATORIO COUTINHO,64685000.0,89 94043850,,1,1,1,1,0,0
2206057279590.0,220605,Massapê do Piauí,Sudeste Piauiense,Vale Do Rio Guaribas,1696914000100.0,LRPD MASSAPE DO PIAUI,64573000.0,,smsmassape@saude.pi.gov.br,1,1,1,0,0,0
2206200492698.0,220620,Miguel Alves,Norte Piauiense,Entre Rios,6553614000500.0,LRPD DE MIGUEL ALVES,64130000.0,,,1,1,1,0,0,0
2206307277601.0,220630,Miguel Leão,Centro Norte Piauiense,Entre Rios,6554935000104.0,LRPD DE MIGUEL LEAO,64445000.0,,,1,1,1,0,0,0
2206357372795.0,220635,Milton Brandão,Centro Norte Piauiense,Cocais,2742326000110.0,LRPD DE MILTON BRANDAO,64253000.0,8632810028,smsmbrandao@ig.com.br,1,1,1,0,0,0
2206407268548.0,220640,Monsenhor Gil,Centro Norte Piauiense,Entre Rios,6554877000534.0,LRPD DE MONSENHOR GIL,64450000.0,,sms.mgil@gmail.com,1,1,1,0,0,0
2206507326246.0,220650,Monsenhor Hipólito,Sudeste Piauiense,Vale Do Rio Guaribas,2221933000134.0,LRPD MONSENHOR HIPOLITO,64650000.0,(89) 3433-1280,smsmonshipolito05@yahoo.com.br,1,1,1,0,0,0
2206609668829.0,220660,Monte Alegre do Piauí,Sudoeste Piauiense,Chapada Das Mangabeiras,6554232000178.0,LABORATORIO DE PROTESE DENTARIA DE MONTE ALEGRE DO PIAUI,64940000.0,,,1,1,1,0,0,0
2206657984707.0,220665,Morro Cabeça no Tempo,Sudoeste Piauiense,Chapada Das Mangabeiras,2742341000168.0,LRPD DE MORRO CABECA NO TEMPO,64968000.0,,,1,1,1,0,0,0
2206697407912.0,220669,Murici dos Portelas,Norte Piauiense,Planície Litorânea,1612596000143.0,LABORATORIO DE PROTESE DENTARIA DE MURICI DOS PORTELAS,64175000.0,,,1,1,1,0,0,0
2206707280610.0,220670,Nazaré do Piauí,Sudoeste Piauiense,Vale Dos Rios Piauì E Itaueiras,1825779000147.0,LRPD DE NAZARE DO PIAUI,64825000.0,,,1,1,1,0,0,0
2206727469535.0,220672,Nazária,Centro Norte Piauiense,Entre Rios,10560403000491.0,LABORATORIO DE PROTESE DE NAZARIA,64415000.0,,,1,1,1,0,0,0
2206757704372.0,220675,Nossa Senhora de Nazaré,Centro Norte Piauiense,Carnaubais,1612592000165.0,LABORATORIO DE PROTESE DE NOSSA SENHORA DE NAZARE,64288000.0,,,1,1,1,0,0,0
2206909013520.0,220690,Novo Oriente do Piauí,Centro Norte Piauiense,Vale Do Sambito,6554836000114.0,LRPD NOVO ORIENTE DO PIAUI,64530000.0,,,1,1,1,0,0,0
2206957336314.0,220695,Novo Santo Antônio,Centro Norte Piauiense,Carnaubais,2699179000142.0,LABORATORIO DE PROTESE JOSE VITORIO,64365000.0,,,1,1,1,0,0,0
2207002324105.0,220700,Oeiras,Sudeste Piauiense,Vale Do Canindè,,ANALISA LABORATORIO CLINICO,64500000.0,(89)34621487,carvalhoevandro@hotmail.com,1,1,1,1,0,0
2207002324318.0,220700,Oeiras,Sudeste Piauiense,Vale Do Canindè,,CENTRO DE ENDOSCOPIA DE OEIRAS SC,64500000.0,(89) 34621709,,1,1,1,1,0,0
2207002490714.0,220700,Oeiras,Sudeste Piauiense,Vale Do Canindè,,CLINICA OEIRENSE,64500000.0,(89) 3462 2416,,1,1,1,1,0,0
2207003333353.0,220700,Oeiras,Sudeste Piauiense,Vale Do Canindè,,CLINICA MATERNO INFANTIL DE OEIRAS,64500000.0,(89)34622540,,1,1,1,1,0,1
2207003542564.0,220700,Oeiras,Sudeste Piauiense,Vale Do Canindè,,CITOLAB,64500000.0,89 34621076,citolab.oeiras@hotmail.com,1,1,1,1,0,0
2207004009347.0,220700,Oeiras,Sudeste Piauiense,Vale Do Canindè,,BIOCENTER LABORATORIO CLINICO,64500000.0,(89)3462 4517,cassiomcarmo@hotmail.com,1,1,1,0,0,0
2207005871409.0,220700,Oeiras,Sudeste Piauiense,Vale Do Canindè,,SID SERVICOS DE IMAGEM E DIAGNOSTICO,64500000.0,8934624441,sidtac01@gmail.com,1,1,2,2,0,0
2207006891535.0,220700,Oeiras,Sudeste Piauiense,Vale Do Canindè,,LABORATORIO DE PROTESE DENTARIA,64500000.0,8934621720,,1,1,0,1,0,0
2207009211659.0,220700,Oeiras,Sudeste Piauiense,Vale Do Canindè,,IRIS LAB,64500000.0,89994048513,,1,1,0,1,0,0
2207009211780.0,220700,Oeiras,Sudeste Piauiense,Vale Do Canindè,,LABORATORIO DE PROTESE DENTARIA ARTESTETICA,64500000.0,89994080978,,1,1,0,1,0,0
2207009328041.0,220700,Oeiras,Sudeste Piauiense,Vale Do Canindè,6553937000170.0,NUCLEO DE APOIO AO DIAGNOSTICO DAS DOENCAS ENDEMICAS,64500000.0,8934621225,SMSOEIRAS@SAUDE.PI.GOV.BR,1,1,1,0,0,0
2207100929778.0,220710,Olho D'Água do Piauí,Centro Norte Piauiense,Entre Rios,1612595000107.0,LRPD DE OLHO DAGUA DO PIAUI,64468000.0,,smsolhodaguapi@gmail.com,1,1,1,0,0,0
2207207279612.0,220720,Padre Marcos,Sudeste Piauiense,Vale Do Rio Guaribas,1920440000120.0,LRPD PADRE MARCOS PI,64680000.0,,,1,1,1,0,0,0
2207302975750.0,220730,Paes Landim,Sudeste Piauiense,Vale Dos Rios Piauì E Itaueiras,1658614000128.0,LRPD PAES LANDIM,64710000.0,,,1,1,1,0,0,0
2207357967241.0,220735,Pajeú do Piauí,Sudoeste Piauiense,Vale Dos Rios Piauì E Itaueiras,1612602000162.0,LRPD DE PAJEU DO PIAUI,64898000.0,8935320105,smspajeu@gmail.com,1,1,1,0,0,0
2207400071943.0,220740,Palmeira do Piauí,Sudoeste Piauiense,Chapada Das Mangabeiras,851855000126.0,LRPD DE PALMEIRA DO PIAUI,64925000.0,,,1,2,2,0,0,0
2207500649422.0,220750,Palmeirais,Centro Norte Piauiense,Entre Rios,1717105000129.0,LRPD DE PALMEIRAIS,64420000.0,,,1,1,1,0,0,0
2207506933076.0,220750,Palmeirais,Centro Norte Piauiense,Entre Rios,,LABIMAGEM,64420000.0,,,1,1,0,1,0,0
2207557275056.0,220755,Paquetá,Sudeste Piauiense,Vale Do Rio Guaribas,2389819000118.0,LABORATORIO DE PROTESE DENTARIA DE PAQUETA,64618000.0,(89)34240041,sms.paquetapi@hotmail.com,1,1,1,0,0,0
2207602694379.0,220760,Parnaguá,Sudoeste Piauiense,Chapada Das Mangabeiras,,LUNAR LABORATORIO,64970000.0,(89)5721212,,1,1,0,1,0,0
2207602928612.0,220760,Parnaguá,Sudoeste Piauiense,Chapada Das Mangabeiras,,CLINICA PARNAGUA,64970000.0,89 81226800,junior.campel@gmail.com,1,1,0,1,0,0
2207603076253.0,220760,Parnaguá,Sudoeste Piauiense,Chapada Das Mangabeiras,,CLINICA NOVA SAUDE,64970000.0,89 81238099,,1,1,0,1,0,0
2207700049425.0,220770,Parnaíba,Norte Piauiense,Planície Litorânea,,ALDELAB DIAGNOSTICOS,64200280.0,86 32218093,exata-contabilidade@oi.com.br,1,1,0,1,0,1
2207700056251.0,220770,Parnaíba,Norte Piauiense,Planície Litorânea,,DIAGNOSTICO II CLINICA DE IMAGEM,64200490.0,86 33229830,,1,1,0,1,0,1
2207700447811.0,220770,Parnaíba,Norte Piauiense,Planície Litorânea,,CER IV PARNAIBA,64217380.0,86 32320353,adersonreabilitar@gmail.com,1,1,1,0,0,0
2207700520047.0,220770,Parnaíba,Norte Piauiense,Planície Litorânea,,LAPAC PARNAIBA,64200200.0,86 32219141,exata-contabilidade@oi.com.br,1,1,1,1,0,0
2207700850004.0,220770,Parnaíba,Norte Piauiense,Planície Litorânea,,LABORATORIO MEIRELLES,64200280.0,86 94088999,,1,1,1,1,0,0
2207702323060.0,220770,Parnaíba,Norte Piauiense,Planície Litorânea,,ENDOCLINICA,64218680.0,(86)3211992,,1,1,1,1,0,0
2207702323214.0,220770,Parnaíba,Norte Piauiense,Planície Litorânea,,LABORATORIO ANALISES CLINICAS SAO VICENTE,64200280.0,(86)3221415,serconrel@bol.com.br,1,1,2,2,0,0
2207702323648.0,220770,Parnaíba,Norte Piauiense,Planície Litorânea,,CLINICA PASTEUR,64200280.0,(86)3222483,clinicapasteurlab@hotmail.com,1,1,1,1,0,0
2207702323656.0,220770,Parnaíba,Norte Piauiense,Planície Litorânea,,LABORATORIO ARAUJO,64200410.0,(86)33212995,araujolab@ig.com.br,1,1,1,1,0,0
2207702323672.0,220770,Parnaíba,Norte Piauiense,Planície Litorânea,,LABOCLINICA,64200280.0,(86)3224300,,1,1,1,1,0,0
2207702324229.0,220770,Parnaíba,Norte Piauiense,Planície Litorânea,,CENTRO FISIOT E REAB ARMANDO CAJUBA,64202060.0,(86)3224279,,1,1,1,0,0,0
2207702324296.0,220770,Parnaíba,Norte Piauiense,Planície Litorânea,,LABORATORIO MEIRELES,64200270.0,86 33221124,,1,1,1,1,0,0
2207702324326.0,220770,Parnaíba,Norte Piauiense,Planície Litorânea,,BIO MED,64200200.0,(86)3223115,,1,1,1,1,0,0
2207702324342.0,220770,Parnaíba,Norte Piauiense,Planície Litorânea,,CLINICA DR CHAGAS ARAGAO,64200290.0,(86)3222679,,1,1,1,1,0,0
2207702324350.0,220770,Parnaíba,Norte Piauiense,Planície Litorânea,,CENTROCLINICA,64200200.0,(86)3212200,,1,1,1,1,0,0
2207702324539.0,220770,Parnaíba,Norte Piauiense,Planície Litorânea,,LABORATORIO OSWALDO CRUZ,64200280.0,(86)3224084,,1,1,1,1,0,0
2207702364956.0,220770,Parnaíba,Norte Piauiense,Planície Litorânea,,LABORATORIO VITAL BRASIL,64200280.0,(86)3211414,,1,1,1,1,0,0
2207702364964.0,220770,Parnaíba,Norte Piauiense,Planície Litorânea,,ENDOGASTRO,64200361.0,86 33222850,,1,1,1,1,0,0
2207702443724.0,220770,Parnaíba,Norte Piauiense,Planície Litorânea,,RAD IMAGEM,64218570.0,(86)3212971,,1,0,1,1,0,0
2207702443732.0,220770,Parnaíba,Norte Piauiense,Planície Litorânea,,CLINICA ARMANDO CAJUBA,64200907.0,(86)3221917,clinicaarmandocajuba@hotmail.com,1,1,1,1,0,0
2207703220451.0,220770,Parnaíba,Norte Piauiense,Planície Litorânea,,CEPACC,64200280.0,(86)3211955,,1,1,1,1,0,0
2207703295222.0,220770,Parnaíba,Norte Piauiense,Planície Litorânea,,CLINICA DE IMAGEM DIAGNOSTICO,64200907.0,(86)3211001,,1,1,1,1,0,0
2207703469875.0,220770,Parnaíba,Norte Piauiense,Planície Litorânea,,LABORATORIO DE ANALISES CLINICAS ESP DE PARNAIBA LTDA,64200280.0,(86)3211929,,1,1,1,0,0,0
2207703542556.0,220770,Parnaíba,Norte Piauiense,Planície Litorânea,,MARCOR MAXIMO ATENDIMENTO E RECUPERACAO CORPORAL,64200370.0,86 88443720,cacaregobarros@hotmail.com,1,1,1,1,0,0
2207703563049.0,220770,Parnaíba,Norte Piauiense,Planície Litorânea,,FISIOCLINICA DE PARNAIBA,64200200.0,(86)33239999,,1,0,0,1,0,0
2207705206197.0,220770,Parnaíba,Norte Piauiense,Planície Litorânea,,LABORATORIO DE ANALISES CLINICAS DR VALDIR MATOS LTDA,64215180.0,86-33268138,,1,0,0,1,1,1
2207705315190.0,220770,Parnaíba,Norte Piauiense,Planície Litorânea,,CEMEPA,64218310.0,86 33221197,,1,1,0,2,0,0
2207706223966.0,220770,Parnaíba,Norte Piauiense,Planície Litorânea,,TEC LAB,64200200.0,86 3321 1136,,1,1,1,1,0,0
2207706754139.0,220770,Parnaíba,Norte Piauiense,Planície Litorânea,,LABORATORIO DIAGNOSTICO,64200490.0,(86) 3321-2622,,1,1,1,1,0,0
2207706777767.0,220770,Parnaíba,Norte Piauiense,Planície Litorânea,,ODONTO DIAGNOSTICO,64200200.0,86 3321 3206,,1,1,0,1,0,1
2207706951589.0,220770,Parnaíba,Norte Piauiense,Planície Litorânea,,ARTCERAM,64200420.0,(86)3322-3571,,1,1,1,0,0,0
2207707155433.0,220770,Parnaíba,Norte Piauiense,Planície Litorânea,,LINHARES DIAGNOSTICO,64202020.0,,,1,1,0,1,0,1
2207709094261.0,220770,Parnaíba,Norte Piauiense,Planície Litorânea,,LABORATORIO MED ANALISES,64200200.0,86 33212738,,1,1,1,1,0,1
2207709105581.0,220770,Parnaíba,Norte Piauiense,Planície Litorânea,,LABORATORIO MENESES,64200460.0,86 88513155,,1,1,0,1,0,1
2207709280545.0,220770,Parnaíba,Norte Piauiense,Planície Litorânea,,CITOMED,64218375.0,86 94875021,,1,1,0,0,0,1
2207757276923.0,220775,Passagem Franca do Piauí,Centro Norte Piauiense,Entre Rios,2449672000104.0,LRPD DE PASSAGEM FRANCA DO PIAUI,64395000.0,8632831284,passagemfranca@bol.com.br,1,1,1,0,0,0
2207777326599.0,220777,Patos do Piauí,Sudeste Piauiense,Vale Do Rio Guaribas,41522285000108.0,LRPD DE PATOS,64580000.0,8934591158,SMSPATOSPI@YAHOO.COM.BR,1,1,1,0,0,0
2207797281919.0,220779,Pau D'Arco do Piauí,Centro Norte Piauiense,Entre Rios,4314624000134.0,LRPD DE PAU DARCO,64295000.0,,,1,1,1,0,0,0
2207802314835.0,220780,Paulistana,Sudeste Piauiense,Vale Do Rio Guaribas,2433931000109.0,LABORATORIO MUNICIPAL,64750000.0,,smspaulistana-pi@hotmail.com,1,1,1,0,0,0
2207803024202.0,220780,Paulistana,Sudeste Piauiense,Vale Do Rio Guaribas,,BETESDA LABORATORIO DE ANALISES CLINICAS,64750000.0,(89) 4871777,,1,1,1,1,0,1
2207806893902.0,220780,Paulistana,Sudeste Piauiense,Vale Do Rio Guaribas,,LABORATORIO ROCHA,64750000.0,,,1,1,1,1,0,0
2207807873719.0,220780,Paulistana,Sudeste Piauiense,Vale Do Rio Guaribas,,ODONTOMED,64750000.0,89994047772,manupessoa@ymayl.com,1,1,0,1,0,0
2207850047430.0,220785,Pavussu,Sudoeste Piauiense,Vale Dos Rios Piauì E Itaueiras,1612679000132.0,LABORATORIO REGIONAL DE PROTESE DENTARIA DE PAVUSSU LRPD,64838000.0,,,1,1,1,0,0,0
2207900768383.0,220790,Pedro II,Centro Norte Piauiense,Cocais,,V C DE MELO,64255000.0,86 99186970,veridianomelo@bol.com.br,1,1,0,1,0,0
2207906222684.0,220790,Pedro II,Centro Norte Piauiense,Cocais,,LABOCLINICA,64255000.0,,,1,1,1,1,0,0
2207906797369.0,220790,Pedro II,Centro Norte Piauiense,Cocais,,LABORATORIO DE ANALISES CLINICA SANTA MARIA,64255000.0,,,1,1,0,1,0,0
2207907167083.0,220790,Pedro II,Centro Norte Piauiense,Cocais,,LABORATORIO DE PROTESE DENTARIA LOURO PAIXAO,64255000.0,86 81137181,,1,1,0,1,0,0
2207937265360.0,220793,Pedro Laurentino,Sudeste Piauiense,Vale Dos Rios Piauì E Itaueiras,1944247000129.0,LRPD LABORATORIO REGIONAL DE PROTESE DENTARIA,64728000.0,8934790002,,1,1,1,0,0,0
2207957687990.0,220795,Nova Santa Rita,Sudeste Piauiense,Vale Dos Rios Piauì E Itaueiras,1742695000140.0,LRPD NOVA SANTA RITA PI,64764000.0,,,1,1,1,0,0,0
2208002324482.0,220800,Picos,Sudeste Piauiense,Vale Do Rio Guaribas,,LAMEP,64600094.0,(86)3422-2765,,1,1,1,1,0,0
2208002324490.0,220800,Picos,Sudeste Piauiense,Vale Do Rio Guaribas,,LABORATORIO DE ANALISES CLINICAS DE PICOS MARIA NEIDE,64603260.0,8934221810,,1,1,0,1,0,0
2208002365421.0,220800,Picos,Sudeste Piauiense,Vale Do Rio Guaribas,,CLIGAPI,64600000.0,(89)34223108,,1,0,1,0,0,1
2208002365464.0,220800,Picos,Sudeste Piauiense,Vale Do Rio Guaribas,,LABORATORIO DE ANAL CLIN ROSEMARY REIS ANTAO,64600054.0,(86)34222094,,1,1,1,1,0,0
2208002365472.0,220800,Picos,Sudeste Piauiense,Vale Do Rio Guaribas,,LAGEAC LABORATORIO GERAL DE ANALISES CLINICAS,64600094.0,(86)34221925,,1,1,0,1,0,0
2208002694107.0,220800,Picos,Sudeste Piauiense,Vale Do Rio Guaribas,,PRODIAGNOSE SC,64600094.0,(89) 4221534,,1,1,0,1,0,0
2208002694255.0,220800,Picos,Sudeste Piauiense,Vale Do Rio Guaribas,,CLINPREVENCAN,64600132.0,(86)4221194,,1,1,0,1,0,0
2208002694352.0,220800,Picos,Sudeste Piauiense,Vale Do Rio Guaribas,,LABORATORIO PICOENSE DE ANALISES CLINICAS EDVARTON,64600106.0,(86)4221627,,1,1,1,1,0,0
2208002694360.0,220800,Picos,Sudeste Piauiense,Vale Do Rio Guaribas,,LABORATORIO WALDEMAR DE MOURA SANTOS,64600000.0,(89)34222412,,1,0,1,1,0,1
2208002694611.0,220800,Picos,Sudeste Piauiense,Vale Do Rio Guaribas,,CENTRO DE ENDOSCOPIA DE PICOS,64600138.0,(89)34221935,,1,1,0,1,0,0
2208002694638.0,220800,Picos,Sudeste Piauiense,Vale Do Rio Guaribas,,CEPAC IMAGEM,64600094.0,8934223019,,1,1,1,1,0,1
2208002694662.0,220800,Picos,Sudeste Piauiense,Vale Do Rio Guaribas,1632094000184.0,CENTRO DE TESTAGEM E ACONSELHAMENTO EM DST AIDS,64600104.0,(89)4154252,,1,1,1,0,0,0
2208002694727.0,220800,Picos,Sudeste Piauiense,Vale Do Rio Guaribas,,CLINICA PRONTO ANALISES NAERTON,64600012.0,(89)4226925,,1,1,1,1,1,1
2208003358976.0,220800,Picos,Sudeste Piauiense,Vale Do Rio Guaribas,,C C,64600020.0,(89)4225807,,1,1,1,1,0,0
2208003383636.0,220800,Picos,Sudeste Piauiense,Vale Do Rio Guaribas,,MED DIAGNOSTICO,64600148.0,(89)422-4039,,1,1,1,1,0,0
2208003385698.0,220800,Picos,Sudeste Piauiense,Vale Do Rio Guaribas,,LABORATORIO NAPOLEAO DIAS,64600316.0,(89)34223949,,1,1,1,1,0,0
2208003805700.0,220800,Picos,Sudeste Piauiense,Vale Do Rio Guaribas,,THOMPSON THOMPSON,64600080.0,8934221406,,1,1,1,1,0,0
2208003805794.0,220800,Picos,Sudeste Piauiense,Vale Do Rio Guaribas,,CDLAB CENTRO DE DIAGNOSTICO LABORATORIAL LTDA,64600138.0,8934222045,,1,1,1,1,0,0
2208005296420.0,220800,Picos,Sudeste Piauiense,Vale Do Rio Guaribas,,HEMOVIDA LABORATORIO DE ANALISE CLINICA,64607840.0,89 99883535,,1,1,1,1,0,0
2208005322995.0,220800,Picos,Sudeste Piauiense,Vale Do Rio Guaribas,,LABORATORIO LUZ,64600316.0,89 34221441,,1,1,1,1,0,0
2208006224350.0,220800,Picos,Sudeste Piauiense,Vale Do Rio Guaribas,,LABORATORIO JK,64600312.0,8934210036,JKLAUBER@HOTMAIL.COM,1,1,1,1,0,1
2208006480772.0,220800,Picos,Sudeste Piauiense,Vale Do Rio Guaribas,,LABOR DENT,64607755.0,89999855699,,1,1,0,1,1,1
2208006638945.0,220800,Picos,Sudeste Piauiense,Vale Do Rio Guaribas,,BIOCENTER LABORATORIO DE ANALISES CLINICAS,64600028.0,34221861,,1,1,1,1,0,1
2208006678785.0,220800,Picos,Sudeste Piauiense,Vale Do Rio Guaribas,,LABORATORIO WALDEMAR SANTOS DE ANALISES CLINICAS,64600082.0,,,1,1,1,1,0,1
2208006928897.0,220800,Picos,Sudeste Piauiense,Vale Do Rio Guaribas,,CLINIEXAMES,64600094.0,,,1,1,1,1,0,1
2208007360991.0,220800,Picos,Sudeste Piauiense,Vale Do Rio Guaribas,,M DIAS LABORATORIO DE PROTESES,64600078.0,,,1,1,0,1,0,0
2208007622333.0,220800,Picos,Sudeste Piauiense,Vale Do Rio Guaribas,,LABORATORIO BRITO,64600106.0,89 99861015,,1,1,1,1,0,1
2208009486364.0,220800,Picos,Sudeste Piauiense,Vale Do Rio Guaribas,,SORRILAB,64600106.0,89 94662558,drici1701@gmail.com,1,1,0,1,0,0
2208103899349.0,220810,Pimenteiras,Centro Norte Piauiense,Vale Do Sambito,,CLIMEPI,64320000.0,(89) 3474-1250,,1,0,1,0,0,0
2208107341563.0,220810,Pimenteiras,Centro Norte Piauiense,Vale Do Sambito,704788000117.0,LABORATORIO DE PROTESE DENTARIA DE PIMENTEIRAS,64320000.0,,smspimenteiras@hotmail.com,1,1,1,0,0,0
2208207367627.0,220820,Pio IX,Sudeste Piauiense,Vale Do Rio Guaribas,3825278000196.0,LABORATORIO MUNICIPAL DE PROTESES DENTARIAS,64660000.0,,,1,1,1,0,0,0
2208300952613.0,220830,Piracuruca,Norte Piauiense,Cocais,,VITALIZE LABORATORIO DE ANALISES CLINICAS LTDA,64240000.0,,,1,2,0,2,0,0
2208305006538.0,220830,Piracuruca,Norte Piauiense,Cocais,,BRILAC BRITO LABORATORIO DE ANALISES CLINICAS,64240000.0,8633431811,,1,2,0,2,0,2
2208305879663.0,220830,Piracuruca,Norte Piauiense,Cocais,,LABVIDA,64240000.0,8633432448,,1,2,0,3,0,3
2208306258018.0,220830,Piracuruca,Norte Piauiense,Cocais,6553887000555.0,CEFIPI CENTRO DE FISIOTERAPIA DE PIRACURUCA,64240000.0,86-33432226,smspiracuruca@saude.pi.gov.br,1,1,1,0,0,0
2208402365049.0,220840,Piripiri,Norte Piauiense,Cocais,,INSTITUTO PIRIPIRIENSE DE ANALISES CLINICAS,64260000.0,(86)2761268,,1,1,1,1,0,1
2208402365065.0,220840,Piripiri,Norte Piauiense,Cocais,,PREVLAB ANALISE CLINICAS QUALIFICADAS LTDA,64260000.0,(86)2762388,,1,1,1,1,0,1
2208403563057.0,220840,Piripiri,Norte Piauiense,Cocais,,FISIOCON CLINICA DE FISIOTERAPIA NOSSA SENHORA DA CONCEICAO,64260000.0,(86)32762651,,1,1,0,1,0,0
2208403834840.0,220840,Piripiri,Norte Piauiense,Cocais,2601314000175.0,CENTRO DE TESTAGEM E ACONSELHAMENTO CTA DE PIRIPIRI,64260000.0,(86)32762179,sms@piripiri.pi.gov.br,1,1,1,0,0,0
2208403834859.0,220840,Piripiri,Norte Piauiense,Cocais,2601314000175.0,LABORATORIO MUNICIPAL DE SAUDE PUBLICA DE PIRIPIRI,64260000.0,,sms@piripiri.pi.gov.br,1,1,1,0,0,0
2208404009657.0,220840,Piripiri,Norte Piauiense,Cocais,,LABORATORIO CLINICO DE PIRIPIRI,64260000.0,(86)2761514,,1,1,1,1,0,1
2208405118212.0,220840,Piripiri,Norte Piauiense,Cocais,2601314000175.0,CENTRO DE CONTROLE DE ENDEMIAS DE PIRIPIRI,64260000.0,,sms@piripiri.pi.gov.br,1,2,2,0,0,0
2208406480578.0,220840,Piripiri,Norte Piauiense,Cocais,2601314000175.0,CENTRO DE ATIVIDADES FISICAS INTEGRADAS CAFI,64260000.0,986)32761788,sms@piripiri.pi.gov.br,1,1,1,0,0,0
2208406493068.0,220840,Piripiri,Norte Piauiense,Cocais,,LABORATORIO DE ANALISES CLINICAS MED EXAME,64260000.0,86 32765005,,1,1,1,1,0,1
2208406867669.0,220840,Piripiri,Norte Piauiense,Cocais,,LABORATORIO DE PROTESE DENTARIA PIRIPIRI,64260000.0,,,1,1,0,1,0,0
2208406966659.0,220840,Piripiri,Norte Piauiense,Cocais,,LABORATORIO DE PROTESE DENTARIA MJ CARVALHO,64260000.0,,,1,1,0,1,0,0
2208407002858.0,220840,Piripiri,Norte Piauiense,Cocais,,AQUAFISIO,64260000.0,,,1,1,0,1,0,0
2208407280157.0,220840,Piripiri,Norte Piauiense,Cocais,,ATELIE DE PROTESE DENTARIA,64260000.0,,,1,1,0,1,0,0
2208407851049.0,220840,Piripiri,Norte Piauiense,Cocais,,FUNDACHRIS,64260000.0,(86)32762981,chrisfapi@hotmail.com,1,1,1,1,0,0
2208409240160.0,220840,Piripiri,Norte Piauiense,Cocais,,D P LAB,64260000.0,86 99946697,,1,1,0,1,0,1
2208409503773.0,220840,Piripiri,Norte Piauiense,Cocais,,PROLIFE,64260000.0,86 32760596,,1,1,1,1,0,0
2208607350902.0,220860,Prata do Piauí,Centro Norte Piauiense,Vale Do Sambito,2644351000160.0,LABORATORIO DE PROTESE DENTARIA DE PRATA DO PIAUI,64370000.0,(86)3250-1172,,1,1,1,0,0,0
2208657032943.0,220865,Queimada Nova,Sudeste Piauiense,Vale Do Rio Guaribas,,DENTAL QUEIMADA NOVA,64758000.0,,,1,1,0,1,0,0
2208657274033.0,220865,Queimada Nova,Sudeste Piauiense,Vale Do Rio Guaribas,2676035000170.0,LRPD QUEIMADA NOVA,64758000.0,,,1,1,1,0,0,0
2208857967217.0,220885,Riacho Frio,Sudoeste Piauiense,Chapada Das Mangabeiras,3287237000193.0,LABORATORIO DE PROTESES DENTARIAS DE RIACHO FRIO PI,64975000.0,8935560128,smsriachofrio@saude.pi.gov.br,1,1,1,0,0,0
2208877397720.0,220887,Ribeira do Piauí,Sudeste Piauiense,Vale Dos Rios Piauì E Itaueiras,1787236000182.0,LRPD DE RIBEIRA DO PIAUI,64725000.0,8994127677,,1,1,1,0,0,0
2208909037160.0,220890,Ribeiro Gonçalves,Sudoeste Piauiense,Tabuleiros Do Alto Parnaìba,3375811000165.0,LABORATORIO DE PROTESE DENTARIA DE RIBEIRO GONCALVES,64865000.0,,,1,1,1,0,0,0
2209002855275.0,220900,Rio Grande do Piauí,Sudoeste Piauiense,Vale Dos Rios Piauì E Itaueiras,,CAMIP CENTRO AVANCADO DE MEDICINA INTEGRADA DO PIAUI,64835000.0,89 31990099,tiagomartinsfeitosa@gmail.com,1,1,0,1,0,0
2209009873996.0,220900,Rio Grande do Piauí,Sudoeste Piauiense,Vale Dos Rios Piauì E Itaueiras,6554166000560.0,LRPD DE RIO GRANDE,64835000.0,,,1,2,2,0,0,0
2209109334416.0,220910,Santa Cruz do Piauí,Sudeste Piauiense,Vale Do Rio Guaribas,998376000137.0,LRPD DE SANTA CRUZ DO PIAUI,64545000.0,(89)3445-1253,smssantacruzpi@hotmail.com,1,1,1,0,0,0
2209109541632.0,220910,Santa Cruz do Piauí,Sudeste Piauiense,Vale Do Rio Guaribas,,CENTROLAB,64545000.0,,,1,1,0,1,0,0
2209109541667.0,220910,Santa Cruz do Piauí,Sudeste Piauiense,Vale Do Rio Guaribas,,LAB CITO CLINICA,64545000.0,,,1,1,0,1,0,0
2209150423807.0,220915,Santa Cruz dos Milagres,Centro Norte Piauiense,Vale Do Sambito,41522228000129.0,LRPD DE SANTA CRUZ DOS MILAGRES,64315000.0,,,1,1,1,0,0,0
2209357367104.0,220935,Santana do Piauí,Sudeste Piauiense,Vale Do Rio Guaribas,2639174000124.0,LRPD DE SANTANA DO PIAUI,64615000.0,8934431126,saudesantanapi@gmail.com,1,1,1,0,0,0
2209377269730.0,220937,Santa Rosa do Piauí,Sudeste Piauiense,Vale Do Canindè,946687000152.0,LRPD DE SANTA ROSA DO PIAUI,64518000.0,,,1,1,1,0,0,0
2209409956913.0,220940,Santo Antônio de Lisboa,Sudeste Piauiense,Vale Do Rio Guaribas,2335258000174.0,LABORATORIO REGIONAL DE PROTESE DENTARIA DE SAL,64640000.0,,,1,1,1,0,0,0
2209457269773.0,220945,Santo Antônio dos Milagres,Centro Norte Piauiense,Entre Rios,3038683000164.0,LRPD DE SANTO ANTONIO DOS MILAGRES,64438000.0,,,1,1,1,0,0,0
2209507269803.0,220950,Santo Inácio do Piauí,Sudeste Piauiense,Vale Do Canindè,6553945000117.0,LRPD DE SANTO INACIO DO PIAUI,64560000.0,,,1,1,1,0,0,0
2209559882731.0,220955,São Braz do Piauí,Sudoeste Piauiense,Serra Da Capivara,1858918000139.0,LABORATORIO DE PROTESES DENTARIA SAO BRAZ DO PIAUI,64783000.0,,smssbpi@hotmail.com,1,1,1,0,0,0
2209607269765.0,220960,São Félix do Piauí,Centro Norte Piauiense,Vale Do Sambito,7903262000105.0,LRPD DE SAO FELIX DO PIAUI,64375000.0,,,1,1,1,0,0,0
2209650229830.0,220965,São Francisco de Assis do Piauí,Sudeste Piauiense,Vale Do Canindè,,PROTSLAB,64745000.0,89 94455530,edianiramr1@hotmail.com,1,1,0,1,0,0
2209653809625.0,220965,São Francisco de Assis do Piauí,Sudeste Piauiense,Vale Do Canindè,2802085000157.0,LABORATORIO JOSE MOREIRA DOS SANTOS,64745000.0,(89)34966003,,1,1,1,0,0,0
2209657190263.0,220965,São Francisco de Assis do Piauí,Sudeste Piauiense,Vale Do Canindè,2802085000157.0,LABORATORIO DE PROTESES DENTARIA SAO FCO DE ASSIS DO PIAUI,64745000.0,,claudinhosms@yahoo.com.br,1,1,1,0,0,0
2209700114065.0,220970,São Francisco do Piauí,Sudoeste Piauiense,Vale Dos Rios Piauì E Itaueiras,10758411000102.0,LRPD DE SAO FRANCISCO DO PIAUI SECRETARIA DE SAUDE,64550000.0,(89)3558-1232,,1,1,1,0,0,0
2209857649517.0,220985,São João da Canabrava,Sudeste Piauiense,Vale Do Rio Guaribas,2320728000126.0,LABORATORIO DE PROTESE DENTARIA SAO JOAO DA CANABRAVA,64635000.0,89 3429 1302,saudecanabrava@hotmail.com,1,1,1,0,0,0
2209877320426.0,220987,São João da Fronteira,Norte Piauiense,Cocais,4407831000133.0,LABORATORIO DE PROTESE DENTARIA DE SAO JOAO DA FRONTEIRA,64243000.0,,,1,1,1,0,0,0
2209900046655.0,220990,São João da Serra,Centro Norte Piauiense,Carnaubais,2561143000106.0,LRPD SAO JOAO DA SERRA,64350000.0,8632511169,,1,1,1,0,0,0
2209957962339.0,220995,São João da Varjota,Sudeste Piauiense,Vale Do Canindè,2321216000184.0,LRPD DE SAO JOAO DA VARJOTA,64510000.0,,,1,1,1,0,0,0
2209977443021.0,220997,São João do Arraial,Norte Piauiense,Cocais,21988778000120.0,LAB REG PROTESE DENTARIA DE SAO JOAO DO ARRAIAL,64155000.0,08633851107,smssja@hotmail.com,1,1,1,0,0,0
2210002860910.0,221000,São João do Piauí,Sudeste Piauiense,Serra Da Capivara,6553564000138.0,CER II DE SAO JOAO DO PIAUI,64760000.0,,,1,3,3,0,0,0
2210006616631.0,221000,São João do Piauí,Sudeste Piauiense,Serra Da Capivara,,LABORATORIO DE ANALISES CLINICAS MANOEL BARBOSA,64760000.0,,laboratoriomanoelbarbosa@gmail.com,1,1,0,1,0,0
2210009272496.0,221000,São João do Piauí,Sudeste Piauiense,Serra Da Capivara,,LR ANALISYS,64760000.0,89 34831904,,1,1,0,1,0,0
2210057276656.0,221005,São José do Divino,Norte Piauiense,Cocais,1830007000101.0,LABORATORIO ODONTOTOLOGICO DE SAO JOSE DO DIVINO,64245000.0,8633461228,smssjdivino@gmail.com,1,1,2,0,0,0
2210100071854.0,221010,São José do Peixe,Sudoeste Piauiense,Vale Dos Rios Piauì E Itaueiras,1680880000157.0,LRPD DE SAO JOSE DO PEIXE,64555000.0,,,1,1,1,0,0,0
2210357691491.0,221035,São Lourenço do Piauí,Sudoeste Piauiense,Serra Da Capivara,2765390000116.0,LRPD SAO LOURENCO DO PIAUI,64778000.0,,,1,1,1,0,0,0
2210379988556.0,221037,São Luis do Piauí,Sudeste Piauiense,Vale Do Rio Guaribas,1850545000150.0,LABORATORIO DE PROTESE DENTARIA DE SAO LUIS DO PIAUI,64638000.0,,,1,1,1,0,0,0
2210390911615.0,221039,São Miguel do Fidalgo,Sudoeste Piauiense,Vale Dos Rios Piauì E Itaueiras,2744546000182.0,LRPD SMS DE SAO MIGUEL DO FIDALGO PI,64558000.0,,,1,1,1,0,0,0
2210392694115.0,221039,São Miguel do Fidalgo,Sudoeste Piauiense,Vale Dos Rios Piauì E Itaueiras,2744546000182.0,LRPD DE SAO MIGUEL DO FIDALGO,64558000.0,,,1,1,1,0,0,0
2210400036935.0,221040,São Miguel do Tapuio,Centro Norte Piauiense,Carnaubais,,LABCAM,64330000.0,86 32521526,,1,1,0,1,0,0
2210400615544.0,221040,São Miguel do Tapuio,Centro Norte Piauiense,Carnaubais,,TAVARES MOURA ANALISES CLINICAS LTDA,64330000.0,86 32217805,,1,1,0,1,0,1
2210407746385.0,221040,São Miguel do Tapuio,Centro Norte Piauiense,Carnaubais,1734317000114.0,LABORATORIO REGIONAL DE PROTESE DENTARIA,64330000.0,,cleniosampaio@hotmail.com,1,1,1,0,0,0
2210600642053.0,221060,São Raimundo Nonato,Sudoeste Piauiense,Serra Da Capivara,,M R PRODENT,64770000.0,,,1,1,0,1,0,0
2210600759317.0,221060,São Raimundo Nonato,Sudoeste Piauiense,Serra Da Capivara,,CLINICA E LABORATORIO SAO JORGE,64770000.0,89 81072104,laboratoriosaojorge.srn@gmail.com,1,1,0,1,0,0
2210600874035.0,221060,São Raimundo Nonato,Sudoeste Piauiense,Serra Da Capivara,,LAB MAIS,64770000.0,86 99364276,pauloafonso.or@gmail.com,1,1,0,1,0,0
2210602365138.0,221060,São Raimundo Nonato,Sudoeste Piauiense,Serra Da Capivara,,LABORATORIO ANALISES CLIN ESP N SENHORA DE FATIMA,64770000.0,(86)5821041,,1,1,0,1,0,0
2210602854465.0,221060,São Raimundo Nonato,Sudoeste Piauiense,Serra Da Capivara,,LABORATORIO DENTE DE LEITE,64770000.0,86 32222222,joaolennon@hotmail.com,1,1,0,1,0,0
2210603078019.0,221060,São Raimundo Nonato,Sudoeste Piauiense,Serra Da Capivara,,CASTRO LAB,64770000.0,89 81409846,marypassos14@gmail.com,1,1,0,1,0,0
2210603838269.0,221060,São Raimundo Nonato,Sudoeste Piauiense,Serra Da Capivara,1865085000133.0,LABORATORIO MUNICIPAL DE ALTO SAO FELIX,64770000.0,(89)35821916,,1,1,1,0,0,0
2210604009983.0,221060,São Raimundo Nonato,Sudoeste Piauiense,Serra Da Capivara,,LABORCLIN,64770000.0,(89)5822044,,1,1,1,1,0,0
2210606926800.0,221060,São Raimundo Nonato,Sudoeste Piauiense,Serra Da Capivara,,M ANALISES,64770000.0,,,1,1,1,0,0,0
2210607477120.0,221060,São Raimundo Nonato,Sudoeste Piauiense,Serra Da Capivara,,ODONTOPROTESE,64770000.0,8935823494,drflaviosergio@gmail.com,1,1,0,1,0,0
2210609004440.0,221060,São Raimundo Nonato,Sudoeste Piauiense,Serra Da Capivara,,LAPRODENT,64770000.0,,,1,0,0,1,0,0
2210609974199.0,221060,São Raimundo Nonato,Sudoeste Piauiense,Serra Da Capivara,,BIOLAC LABORATORIO DE ANALISES CLINICAS,64770000.0,,,1,1,0,1,0,0
2210627823886.0,221062,Sebastião Barros,Sudoeste Piauiense,Chapada Das Mangabeiras,1783469000107.0,LABORATORIO DE PROTESES DENTARIAS,64985000.0,,,1,1,1,0,0,0
2210639098526.0,221063,Sebastião Leal,Sudoeste Piauiense,Tabuleiros Do Alto Parnaìba,2930318000105.0,LABORATORIO DE PROTES SEBASTIAO LEAL,64873000.0,,,1,1,1,0,0,0
2210657448902.0,221065,Sigefredo Pacheco,Centro Norte Piauiense,Carnaubais,2593588000160.0,LABORATORIO DE REGIONAL DE PROTESE DENTARIA DE SIGEFREDO PAC,64285000.0,,,1,1,1,0,0,0
2210703511995.0,221070,Simões,Sudeste Piauiense,Vale Do Rio Guaribas,,LABORATORIO DE ANALISES CLINICAS LAC,64585000.0,(89)94561505,,1,1,1,1,0,0
2210807768060.0,221080,Simplício Mendes,Sudeste Piauiense,Vale Do Canindè,,JV SERVICOS ODONTOLOGICOS LTDA,64700000.0,89999241161,,1,2,0,2,0,0
2210809326170.0,221080,Simplício Mendes,Sudeste Piauiense,Vale Do Canindè,,CLINILAB ODONTOLOGIA E MEDICINA ESTETICA,64700000.0,89 99449502,,1,1,0,1,0,0
2210934010043.0,221093,Sussuapara,Sudeste Piauiense,Vale Do Rio Guaribas,,LAB NAPOLEAO MOURA DIAS NETO,64610000.0,(08)94250030,,1,1,0,1,0,0
2210937264992.0,221093,Sussuapara,Sudeste Piauiense,Vale Do Rio Guaribas,1710832000164.0,LABORATORIO DE PROTESES DE SUSSUAPARA,64610000.0,,,1,1,1,0,0,0
2210957426976.0,221095,Tamboril do Piauí,Sudoeste Piauiense,Vale Dos Rios Piauì E Itaueiras,3168626000108.0,LRPD DE TAMBORIL DO PIAUI,64893000.0,8935280126,smstamboril@gmail.com,1,1,1,0,0,0
2210977664338.0,221097,Tanque do Piauí,Sudeste Piauiense,Vale Do Canindè,1612616000186.0,LRPD DE TANQUE DO PIAUI,64512000.0,,,1,1,1,0,0,0
2211000270210.0,221100,Teresina,Centro Norte Piauiense,Entre Rios,,UDIONCO,64049440.0,40091715,,1,1,0,1,0,0
2211000941050.0,221100,Teresina,Centro Norte Piauiense,Entre Rios,,LABORATORIO EXAME TERESINA,64001160.0,8621065959,adminsitracao@laboexame.com.br,1,1,0,1,0,0
2211000941115.0,221100,Teresina,Centro Norte Piauiense,Entre Rios,,LABORATORIO EXAME DE TERESINA LTDA,64000120.0,8621065959,adminsitracao@laborexame.com.br,1,1,0,1,0,0
2211000945145.0,221100,Teresina,Centro Norte Piauiense,Entre Rios,,LABORATORIO EXAME DE TERESINA LTDA,64051130.0,8621065959,administracao@laborexame.com.br,1,1,0,1,0,0
2211000945307.0,221100,Teresina,Centro Norte Piauiense,Entre Rios,,LABORATORIO EXAME TERESINA LTDA,64049536.0,8621065959,adminsitracao @laborexame.com.br,1,1,0,1,0,0
2211000946656.0,221100,Teresina,Centro Norte Piauiense,Entre Rios,,LABORATORIO EXAME DE TERESINA LTDA,64049440.0,8621065959,,1,1,0,1,0,0
2211002323273.0,221100,Teresina,Centro Norte Piauiense,Entre Rios,,UDI 24 HORAS,64000120.0,(86)40091715,udi24horas@gmail.com,1,1,1,1,0,0
2211002323400.0,221100,Teresina,Centro Norte Piauiense,Entre Rios,,INSTITUTO DE RADIOLOGIA DO PIAUI LTDA,64001060.0,(86)32263131,irlp@uol.com.br,1,1,1,1,0,0
2211002323419.0,221100,Teresina,Centro Norte Piauiense,Entre Rios,,ESPACO IMAGEM,64046010.0,(86) 2302421,sergiomazoni@uol.com.br,1,1,1,1,0,0
2211002323532.0,221100,Teresina,Centro Norte Piauiense,Entre Rios,5522917000170.0,LABORATORIO RAUL BACELAR,64020291.0,(86)32159190,,1,1,1,0,0,0
2211002360659.0,221100,Teresina,Centro Norte Piauiense,Entre Rios,5399250000160.0,UNIDADE DE FISIOTERAPIA SANTA LUZIA,64027220.0,(86)30848339,,1,1,1,0,0,0
2211002360705.0,221100,Teresina,Centro Norte Piauiense,Entre Rios,,LACITO,64010100.0,8681130050,,1,0,0,0,0,1
2211002360756.0,221100,Teresina,Centro Norte Piauiense,Entre Rios,,CLINICA LUCIA SANTOS,64000190.0,,,1,0,0,1,0,0
2211002360845.0,221100,Teresina,Centro Norte Piauiense,Entre Rios,,CLINICA DRA GINA ZORINA,64001350.0,(86)2222762,,1,1,0,2,0,2
2211002360918.0,221100,Teresina,Centro Norte Piauiense,Entre Rios,,LABORATORIO CLINICO DE TERESINA SC,64014280.0,(86)2218196,,1,0,0,1,0,1
2211002404478.0,221100,Teresina,Centro Norte Piauiense,Entre Rios,,LID,64001330.0,(86) 2237022,,1,0,0,1,0,0
2211002405474.0,221100,Teresina,Centro Norte Piauiense,Entre Rios,,CLINICA MONTEIRO,64018010.0,(86)32293242,,1,1,1,1,0,1
2211002405601.0,221100,Teresina,Centro Norte Piauiense,Entre Rios,,LABORATORIO DE ANALISES CLINICAS DE BOM JESUS,64001280.0,(86)2262033,,1,0,0,1,0,1
2211002405725.0,221100,Teresina,Centro Norte Piauiense,Entre Rios,,LAB CLINICO PIAUIENSE,64002490.0,(86)2229490,,1,1,1,1,0,0
2211002405733.0,221100,Teresina,Centro Norte Piauiense,Entre Rios,,VIRGINIA REGINA BARBOSA DE CARVALHO C BRANCO E CIA,64000200.0,(86)2214448,,1,0,0,1,0,0
2211002405768.0,221100,Teresina,Centro Norte Piauiense,Entre Rios,,CENACLI,64001390.0,(86)32212477,,1,1,1,1,0,1
2211002405784.0,221100,Teresina,Centro Norte Piauiense,Entre Rios,,CITOANALISES,64001020.0,(86)2215225,,1,0,1,1,0,1
2211002405849.0,221100,Teresina,Centro Norte Piauiense,Entre Rios,,HISTOPIL,64001390.0,(86)2210911,,1,1,1,1,0,0
2211002405857.0,221100,Teresina,Centro Norte Piauiense,Entre Rios,,LABORATORIO FRANCISCO MOURA,64000120.0,(08)62212973,,1,0,0,1,0,0
2211002405911.0,221100,Teresina,Centro Norte Piauiense,Entre Rios,,LABORATORIO CELSO PIRES LTDA,64001370.0,(86)32215493,albertofarm@yahoo.co.br,1,1,2,2,2,2
2211002406004.0,221100,Teresina,Centro Norte Piauiense,Entre Rios,,ECOCLINICA,64001160.0,86 32261801,econfisc.pi@uol.com.br,1,1,1,0,0,0
2211002406012.0,221100,Teresina,Centro Norte Piauiense,Entre Rios,,LABORATORIO SAO RAIMUNDO LTDA,64048180.0,(86)2338000,,1,0,0,1,0,1
2211002406136.0,221100,Teresina,Centro Norte Piauiense,Entre Rios,,LABORATORIO DE PATOLOGIA CLINICA DR ANTONIO LOBAO VERAS,64048180.0,(86)32331515,,1,1,0,2,0,2
2211002406195.0,221100,Teresina,Centro Norte Piauiense,Entre Rios,,DIAGNOSTIC,64001120.0,(86)2231514,,1,1,1,1,0,0
2211002406217.0,221100,Teresina,Centro Norte Piauiense,Entre Rios,,LAPAC,64018640.0,(86)2219141,lapac.ltda@bol.com.br,1,1,1,1,0,1
2211002406225.0,221100,Teresina,Centro Norte Piauiense,Entre Rios,,CLASPREV,64000280.0,(86)2225645,,1,1,1,1,0,0
2211002406276.0,221100,Teresina,Centro Norte Piauiense,Entre Rios,,PRONTOANALISES,64001230.0,(86)2212780,,1,1,1,1,0,1
2211002406314.0,221100,Teresina,Centro Norte Piauiense,Entre Rios,,CCDT,64000290.0,30298389,,1,1,1,1,0,0
2211002406322.0,221100,Teresina,Centro Norte Piauiense,Entre Rios,,LABORATORIO DIAGNOSE,64000060.0,(86)2211464,,1,0,1,1,0,0
2211002406330.0,221100,Teresina,Centro Norte Piauiense,Entre Rios,,LABORATORIO CITOPATOLOGICO TOURINHO,64001260.0,(86)2226327,,1,1,1,1,0,0
2211002406403.0,221100,Teresina,Centro Norte Piauiense,Entre Rios,,MED EXAME,64001390.0,(86)32220121,,1,0,1,1,0,0
2211002406411.0,221100,Teresina,Centro Norte Piauiense,Entre Rios,,CLINICA SAUDE DE MULHER,64001250.0,(86)2215408,,1,0,0,1,0,0
2211002406454.0,221100,Teresina,Centro Norte Piauiense,Entre Rios,,LAC DO PIAUI,64001370.0,(86)2214631,,1,0,1,1,0,0
2211002406462.0,221100,Teresina,Centro Norte Piauiense,Entre Rios,,HECLAN,64001160.0,(86)2233867,,1,0,0,1,0,0
2211002406527.0,221100,Teresina,Centro Norte Piauiense,Entre Rios,,LABORATORIO MARIA JOSE LEAL,64000430.0,(86)2225922,,1,1,1,1,0,0
2211002406535.0,221100,Teresina,Centro Norte Piauiense,Entre Rios,,PREVLAB,64001310.0,(86)32232242,,1,1,2,2,0,0
2211002406667.0,221100,Teresina,Centro Norte Piauiense,Entre Rios,,SHECAP,64001160.0,(86)2225083,,1,1,1,1,0,0
2211002406748.0,221100,Teresina,Centro Norte Piauiense,Entre Rios,,LABORATORIO DE IMUNOGENETICA E BIOLOGIA MOLECULAR,64049550.0,(86)32155931,libufpi@gmail;com,1,1,1,1,1,0
2211002406756.0,221100,Teresina,Centro Norte Piauiense,Entre Rios,,LABORATORIO MARIANO CASTELO BRANCO E CIA LTDA,64000210.0,(86)2210210,,1,0,1,1,0,0
2211002406829.0,221100,Teresina,Centro Norte Piauiense,Entre Rios,,POLICLINICA DO PIAUI,64000020.0,(86)2228785,,1,1,1,1,0,0
2211002406926.0,221100,Teresina,Centro Norte Piauiense,Entre Rios,,ICIPI,64001250.0,(86)2215408,,1,1,1,1,0,0
2211002407000.0,221100,Teresina,Centro Norte Piauiense,Entre Rios,,DMI,64000060.0,(86)2210099,dmipi@.uol.com.br,1,1,0,1,0,1
2211002443856.0,221100,Teresina,Centro Norte Piauiense,Entre Rios,,LABORATORIO SANACLI LTDA,64001260.0,(86)2239748,,1,1,1,0,0,0
2211002443872.0,221100,Teresina,Centro Norte Piauiense,Entre Rios,,LABORATORIO DR BAIAO AZEVEDO,64001120.0,(86)2229495,,1,1,0,2,0,0
2211002444046.0,221100,Teresina,Centro Norte Piauiense,Entre Rios,,MEGAFISIO,64012450.0,(86)2322086,,1,0,0,1,0,0
2211002551888.0,221100,Teresina,Centro Norte Piauiense,Entre Rios,6553564000138.0,LABORATORIO CENTRAL DE SAUDE PUBLICA DR COSTA ALVARENGA,64001470.0,(86) 32163657,lacenpiaui.com.br,1,1,1,0,0,0
2211002593645.0,221100,Teresina,Centro Norte Piauiense,Entre Rios,,CLINICAN,64000170.0,(86)32173340,clinicanthe@bol.com.br,1,1,1,0,0,0
2211002679655.0,221100,Teresina,Centro Norte Piauiense,Entre Rios,,IAC INSTITUTO DE ANALISES CLINICAS LTDA,64001370.0,(86)2212981,,1,1,1,1,0,1
2211002679876.0,221100,Teresina,Centro Norte Piauiense,Entre Rios,6553564000138.0,LABORATORIO DE CITOPATOLOGIA SESAPI,64000120.0,(86)2212952,carolfortes2020@outlook.com,1,1,1,0,0,0
2211002819880.0,221100,Teresina,Centro Norte Piauiense,Entre Rios,,MULTIMAGEM LTDA,64001450.0,(86)2213444,,1,0,0,1,0,0
2211002822903.0,221100,Teresina,Centro Norte Piauiense,Entre Rios,,CLIFISIO,64001270.0,(86)32222247,,1,0,1,1,0,1
2211002839113.0,221100,Teresina,Centro Norte Piauiense,Entre Rios,,INCITO,64049518.0,8633031522,,1,1,0,1,0,0
2211002936925.0,221100,Teresina,Centro Norte Piauiense,Entre Rios,,TOMOS 3D,64048900.0,86994966764,tomos3d@tomos3d.com.br,1,1,0,0,0,1
2211003002810.0,221100,Teresina,Centro Norte Piauiense,Entre Rios,,CENTRO DE PATOLOGIA DO PIAUI LTDA,64000060.0,,,1,1,0,1,0,0
2211003004651.0,221100,Teresina,Centro Norte Piauiense,Entre Rios,,FISIOTRAT CLINICA DE TRATAMENTO FISIOTERAPICO,64017117.0,(86)32218199,,1,1,0,1,0,0
2211003025365.0,221100,Teresina,Centro Norte Piauiense,Entre Rios,,LABORATORIO EXAME TERESINA,64000390.0,(86)21065959,,1,1,0,1,1,1
2211003025373.0,221100,Teresina,Centro Norte Piauiense,Entre Rios,,FISIOVIDA,64009330.0,(86)2141314,,1,0,0,1,0,0
2211003037843.0,221100,Teresina,Centro Norte Piauiense,Entre Rios,,CRP,64001260.0,(86 )3222 8512,,1,1,0,2,0,0
2211003038718.0,221100,Teresina,Centro Norte Piauiense,Entre Rios,,ENDOGASTRO SC,64001370.0,(86)2218742,,1,1,0,1,0,0
2211003038726.0,221100,Teresina,Centro Norte Piauiense,Entre Rios,,GASTRO MED,64001160.0,(86)2237111,,1,0,0,1,0,0
2211003038750.0,221100,Teresina,Centro Norte Piauiense,Entre Rios,,FEMINA,64001280.0,(86)2219393,,1,0,0,1,0,0
2211003043266.0,221100,Teresina,Centro Norte Piauiense,Entre Rios,,CORDIS,64000390.0,(86)2210455,,1,1,0,2,0,0
2211003111911.0,221100,Teresina,Centro Norte Piauiense,Entre Rios,,ENDOCARDIO,64001450.0,(86),,1,0,0,1,0,0
2211003135462.0,221100,Teresina,Centro Norte Piauiense,Entre Rios,,CENDOMED S S LTDA,64052100.0,(86)2333540,,1,0,0,1,0,0
2211003161528.0,221100,Teresina,Centro Norte Piauiense,Entre Rios,,CLINICA PREVCAN LTDA,64001390.0,(86)2216097,,1,1,1,1,0,0
2211003174964.0,221100,Teresina,Centro Norte Piauiense,Entre Rios,,GINECLINICA,64001120.0,,,1,0,0,1,0,0
2211003249999.0,221100,Teresina,Centro Norte Piauiense,Entre Rios,,NUCLEAR SC,64000120.0,(86)4009-1715,,1,1,1,1,0,0
2211003264998.0,221100,Teresina,Centro Norte Piauiense,Entre Rios,,PRESRAD,64014330.0,(86)2232400,,1,0,0,1,0,0
2211003265099.0,221100,Teresina,Centro Norte Piauiense,Entre Rios,,ENDOANALISES,64001020.0,(86)2238979,,1,0,0,1,0,0
2211003269876.0,221100,Teresina,Centro Norte Piauiense,Entre Rios,,FISIOCLINIC CLINICA DE FISIOTERAPIA LTDA,64001280.0,(86)2211888,,1,1,0,1,0,0
2211003277577.0,221100,Teresina,Centro Norte Piauiense,Entre Rios,,CLINICA DA TIREOIDE,64016852.0,(86)2265175,,1,0,0,1,0,0
2211003301788.0,221100,Teresina,Centro Norte Piauiense,Entre Rios,,LABORATORIO DE ANALISES CLINICAS BIOLAC LTDA,64001380.0,(86)32264849,,1,1,0,1,1,1
2211003393046.0,221100,Teresina,Centro Norte Piauiense,Entre Rios,,ENDOANALISE LABORATORIO DE ANALISES CLINICA E HORMONAIS,64000390.0,(86)2234144,,1,0,0,1,0,0
2211003401472.0,221100,Teresina,Centro Norte Piauiense,Entre Rios,,PROFISIO,64017115.0,(86)2232128,,1,1,0,1,0,0
2211003503151.0,221100,Teresina,Centro Norte Piauiense,Entre Rios,,ULTRACLINICA,64001160.0,(86)32264953,ULTRA.CLINICA@GLOBO.COM,1,1,1,1,0,0
2211003584534.0,221100,Teresina,Centro Norte Piauiense,Entre Rios,,UDO UNIDADE DE DIAGNOSTICO ORAL,64001160.0,(86)32239681,,1,0,1,1,0,0
2211003743470.0,221100,Teresina,Centro Norte Piauiense,Entre Rios,,DIRCEUFISIO,64077175.0,086(32369550,,1,0,0,1,0,1
2211003795209.0,221100,Teresina,Centro Norte Piauiense,Entre Rios,,CITOLAB LABORAT DE CITOPATOL E ANAT PATOLOGICA SC LTDA,64001160.0,86 3221 1908,,1,1,0,2,0,2
2211004047400.0,221100,Teresina,Centro Norte Piauiense,Entre Rios,,SAUDEPLAN,64078213.0,86994463769,saudeplanthe@gmail.com,1,1,0,1,0,0
2211005111080.0,221100,Teresina,Centro Norte Piauiense,Entre Rios,,NEUROVIDA FISIOTERAPIA,64003200.0,086(32219190),,1,1,1,1,0,1
2211005113164.0,221100,Teresina,Centro Norte Piauiense,Entre Rios,,DAVIDA,64001200.0,(86)32334017,,1,0,0,1,0,1
2211005291240.0,221100,Teresina,Centro Norte Piauiense,Entre Rios,,CORPUS,64048152.0,3232-7500,,1,0,0,1,0,1
2211005303702.0,221100,Teresina,Centro Norte Piauiense,Entre Rios,,FISIOSAUDE,64020290.0,8632207195,,1,1,1,1,0,1
2211005339553.0,221100,Teresina,Centro Norte Piauiense,Entre Rios,,ULTRA X LTDA,64000330.0,8631945555,,1,1,1,1,1,1
2211005360099.0,221100,Teresina,Centro Norte Piauiense,Entre Rios,,CLINICA DE FONOAUDIOLOGIA LTDA,64001120.0,,,1,0,0,1,0,1
2211005382904.0,221100,Teresina,Centro Norte Piauiense,Entre Rios,,LABORATORIO TERESINA,64001160.0,(86)32220481,,1,0,0,1,0,1
2211005662389.0,221100,Teresina,Centro Norte Piauiense,Entre Rios,,NUCLEO INTEGRADO DE FISIOTERAPIA,64000100.0,(86)322668,clinicamarcosmaciel@yahoo.com.,1,1,0,1,0,1
2211005662435.0,221100,Teresina,Centro Norte Piauiense,Entre Rios,,BIO TEST,64001390.0,(86)32215493,,1,0,0,1,0,1
2211005675855.0,221100,Teresina,Centro Norte Piauiense,Entre Rios,,PHYSIOS FISIOTERAPIA CLINICA,64048400.0,(86)32332167,oeasbr@yahoo.com.br,1,0,0,1,0,1
2211005690129.0,221100,Teresina,Centro Norte Piauiense,Entre Rios,,IMAGEM DIAGNOSTICOS LTDA,64000510.0,8621068446,,1,1,1,1,0,1
2211005859131.0,221100,Teresina,Centro Norte Piauiense,Entre Rios,,REFISIO,64016850.0,(86)322281101,,1,1,1,1,0,1
2211005859212.0,221100,Teresina,Centro Norte Piauiense,Entre Rios,,CLINICA HUMANS,64090095.0,32342699,,1,1,1,1,0,1
2211005962536.0,221100,Teresina,Centro Norte Piauiense,Entre Rios,,OLIMAR LEITE E CIA LTDA,64000360.0,(86)32235559,,1,0,0,1,0,1
2211005990351.0,221100,Teresina,Centro Norte Piauiense,Entre Rios,,PREV ANALISES,64001160.0,,,1,0,0,1,0,1
2211006007120.0,221100,Teresina,Centro Norte Piauiense,Entre Rios,,CENTRO DE DIAGNOSTICOS CDM,64001280.0,86-32215000,,1,0,0,1,0,1
2211006037496.0,221100,Teresina,Centro Norte Piauiense,Entre Rios,,PHYSICAL MAVES CENTER,64048400.0,(86)3233-8110,,1,0,0,1,0,1
2211006051308.0,221100,Teresina,Centro Norte Piauiense,Entre Rios,,ULTRARAD,64049110.0,(86)32265851,ultrarad@uol.com.br,1,1,0,1,1,1
2211006103251.0,221100,Teresina,Centro Norte Piauiense,Entre Rios,,CLINICA DE IMAGEM DIRCEU LTDA,64078070.0,8632366536,,1,1,1,1,0,1
2211006132642.0,221100,Teresina,Centro Norte Piauiense,Entre Rios,,CARDIO ALIANCA LTDA,64015120.0,8630254767,cardioalianca@yahoo.com.br,1,1,0,1,1,1
2211006330576.0,221100,Teresina,Centro Norte Piauiense,Entre Rios,,FISIO CENTER,64048300.0,(86)32332126,,1,0,0,1,0,1
2211006331408.0,221100,Teresina,Centro Norte Piauiense,Entre Rios,,NOVACLIN SAUDE,64048110.0,(86)32343373,,1,0,0,1,0,0
2211006337503.0,221100,Teresina,Centro Norte Piauiense,Entre Rios,,DELTAFISIO,64078600.0,(86)32367003,,1,0,0,1,0,1
2211006433103.0,221100,Teresina,Centro Norte Piauiense,Entre Rios,,LABOFLOR,64057400.0,8632345256,,1,0,0,1,0,0
2211006456960.0,221100,Teresina,Centro Norte Piauiense,Entre Rios,,UNILAB,64001280.0,863217-7799,unilab@unilabteresina.com.br,1,0,0,1,1,1
2211006478352.0,221100,Teresina,Centro Norte Piauiense,Entre Rios,,CEFISIO,64049375.0,8632329545,,1,0,0,1,0,0
2211006489664.0,221100,Teresina,Centro Norte Piauiense,Entre Rios,,ESTIMULOS FISIOTERAPIA E SAUDE,64049375.0,(86)32337950,,1,0,0,1,0,1
2211006498701.0,221100,Teresina,Centro Norte Piauiense,Entre Rios,,DIAGMED,64001340.0,32215378,,1,1,0,1,0,1
2211006587968.0,221100,Teresina,Centro Norte Piauiense,Entre Rios,,IRP,64037304.0,(86)3229 7157,,1,1,1,0,1,1
2211006603440.0,221100,Teresina,Centro Norte Piauiense,Entre Rios,,LABORATORIO ADONAI,64001260.0,8632214061,labadonai@hotmail.com,1,0,0,1,0,0
2211006603521.0,221100,Teresina,Centro Norte Piauiense,Entre Rios,,UNIAUDIO,64001120.0,86 3221 7523,,1,0,0,1,0,0
2211006641164.0,221100,Teresina,Centro Norte Piauiense,Entre Rios,,CLINICA ORTOFISIO,64000080.0,32219556,,1,0,0,1,0,1
2211006650732.0,221100,Teresina,Centro Norte Piauiense,Entre Rios,,ART DENTE,64001310.0,8632210582,,1,0,0,1,0,0
2211006679951.0,221100,Teresina,Centro Norte Piauiense,Entre Rios,,MULTIFISIO,64003460.0,8632131341,,1,1,1,1,1,1
2211006699847.0,221100,Teresina,Centro Norte Piauiense,Entre Rios,,PINGO DE AR,64049440.0,8633024903,mariaclarinhanapoleao@hotmail.com,1,0,0,1,1,1
2211006711081.0,221100,Teresina,Centro Norte Piauiense,Entre Rios,,CIESA,64049508.0,30830009,CLINICACIESA@YAHOO.COM.BR,1,1,0,1,1,1
2211006725562.0,221100,Teresina,Centro Norte Piauiense,Entre Rios,,UROFISIO,64001390.0,32231662,urofisio_fisioterapia@hotmail.com,1,0,0,1,0,1
2211006725600.0,221100,Teresina,Centro Norte Piauiense,Entre Rios,,FISIOVIDA,64014055.0,30831650,andreanarebelo@hotmail.com,1,1,0,0,2,2
2211006833470.0,221100,Teresina,Centro Norte Piauiense,Entre Rios,,GENESIS DIAGNOSTICOS LTDA,64001210.0,(86)32231205,,1,1,1,1,0,1
2211006932088.0,221100,Teresina,Centro Norte Piauiense,Entre Rios,,BIOANALISE MEDICAL CENTER,64001450.0,,,1,0,0,1,1,1
2211006932118.0,221100,Teresina,Centro Norte Piauiense,Entre Rios,,BIOANALISE PARQUE PIAUI,64025520.0,8632158585,,1,0,0,1,1,1
2211006932126.0,221100,Teresina,Centro Norte Piauiense,Entre Rios,,BIOANALISE JOCKEY,64048180.0,,,1,0,0,1,1,1
2211006932134.0,221100,Teresina,Centro Norte Piauiense,Entre Rios,,BIOANALISE MARQUES,64002470.0,86323158585,,1,0,0,1,1,1
2211006932142.0,221100,Teresina,Centro Norte Piauiense,Entre Rios,,BIOANALISE SANTA FE,64000360.0,8632158585,,1,1,0,1,1,1
2211007051565.0,221100,Teresina,Centro Norte Piauiense,Entre Rios,,LABORATORIO VIDA,64001390.0,8632175228,stamarialab@hotmail.com,1,1,1,1,0,1
2211007060017.0,221100,Teresina,Centro Norte Piauiense,Entre Rios,,LABORATORIO DE PROTESE DENTARIA ARTE DO SORRISO,64078150.0,86 8846 7921,,1,0,0,1,0,0
2211007079273.0,221100,Teresina,Centro Norte Piauiense,Entre Rios,,ULTRA X,64048232.0,8632331688,ultraxltda@hotmail.com,1,1,0,1,0,1
2211007163029.0,221100,Teresina,Centro Norte Piauiense,Entre Rios,,KOLYNO,64000200.0,,,1,0,0,1,0,0
2211007205325.0,221100,Teresina,Centro Norte Piauiense,Entre Rios,,LABORATORIO ARCANGELOS DE PROTESE DENTARIA,64023500.0,,,1,0,0,1,0,1
2211007262256.0,221100,Teresina,Centro Norte Piauiense,Entre Rios,,PRO ODONTOLOGIA,64003265.0,86 88535047,prodontologia@hotmail.com,1,1,1,0,0,1
2211007285930.0,221100,Teresina,Centro Norte Piauiense,Entre Rios,,LABORATORIO DE PROTESE ODONTOLOGICA LAPRODONTO,64004800.0,(86)32256778/99948429,mario_protetico@hotmail.com,1,1,1,1,0,0
2211007325800.0,221100,Teresina,Centro Norte Piauiense,Entre Rios,,IMPLANTLAB,64001260.0,,,1,1,1,1,0,0
2211007438354.0,221100,Teresina,Centro Norte Piauiense,Entre Rios,5522917000170.0,LABORATORIO DE ANALISE DE AGUAS DR KLEBERT PASSOS,64001050.0,32211466,,1,0,1,0,0,0
2211007477406.0,221100,Teresina,Centro Norte Piauiense,Entre Rios,,CLINICA DE FISIOTERAPIA E ESTETICA ICAF,64039570.0,8632193439,lizianefisioterapeuta@hotmail.com,1,1,1,1,0,1
2211007477430.0,221100,Teresina,Centro Norte Piauiense,Entre Rios,,BIOMED EXAMES LABORATORIAIS,64001280.0,86 32311101,,1,1,1,1,0,1
2211007696833.0,221100,Teresina,Centro Norte Piauiense,Entre Rios,,DISTRIBUIDORA BIO SAUDE,64057430.0,,,1,1,1,1,0,0
2211007706235.0,221100,Teresina,Centro Norte Piauiense,Entre Rios,,CENDOMED S S LTDA,64046455.0,(86)2333540,,1,1,0,1,0,0
2211008003637.0,221100,Teresina,Centro Norte Piauiense,Entre Rios,,LABORATORIO SANTA MARIA LTDA,64001450.0,(86)32264188,,1,0,0,1,0,1
2211008003645.0,221100,Teresina,Centro Norte Piauiense,Entre Rios,,BIOANALISE LABORATORIO DE DIAGNOSTICO CLINICO,64000470.0,(86)32158585,,1,1,0,1,1,1
2211009026142.0,221100,Teresina,Centro Norte Piauiense,Entre Rios,,IMAGEM DIAGNOSTICOS LTDA,64066050.0,86 21068446,liarth@bol.com.br,1,1,1,1,0,0
2211009072098.0,221100,Teresina,Centro Norte Piauiense,Entre Rios,,INFOLAB ANALISES CLINICAS LABORATORIAIS,64001350.0,8699924-9332,,1,1,0,1,0,0
2211009101403.0,221100,Teresina,Centro Norte Piauiense,Entre Rios,,MED EXAMES,64001370.0,30844665,,1,0,0,1,0,0
2211009104151.0,221100,Teresina,Centro Norte Piauiense,Entre Rios,,UNI HOME,64001360.0,21078000 21078040,,1,0,0,1,0,0
2211009232346.0,221100,Teresina,Centro Norte Piauiense,Entre Rios,,NORTE CLINICA,64009170.0,32144099,,1,1,0,1,0,0
2211009256865.0,221100,Teresina,Centro Norte Piauiense,Entre Rios,,VITAL DIAGNOSTICOS,64001160.0,(86)30851777,,1,0,0,1,0,0
2211009587322.0,221100,Teresina,Centro Norte Piauiense,Entre Rios,,BIO EXAMES,64001280.0,8632222995,,1,1,0,2,0,0
2211009686711.0,221100,Teresina,Centro Norte Piauiense,Entre Rios,,UNIDADE JOQUEI,64049375.0,8632336764,,1,1,0,1,0,0
2211009687793.0,221100,Teresina,Centro Norte Piauiense,Entre Rios,,UNIDADE INFANTIL,64001390.0,8633023215,,1,1,0,1,0,0
2211009687823.0,221100,Teresina,Centro Norte Piauiense,Entre Rios,,UNIDADE MEDICAL,64001450.0,8630848890,,1,1,0,1,0,0
2211009687971.0,221100,Teresina,Centro Norte Piauiense,Entre Rios,,UNIDADE MATRIZ,64001390.0,8632239700,,1,1,0,1,0,0
2211009745378.0,221100,Teresina,Centro Norte Piauiense,Entre Rios,,BIOCLINICA EXAMES,64001260.0,8632216406,,1,1,0,1,0,0
2211009806148.0,221100,Teresina,Centro Norte Piauiense,Entre Rios,,BIOANALISE AGUA MINERAL,64006245.0,8632158585,,1,1,0,1,0,0
2211009811265.0,221100,Teresina,Centro Norte Piauiense,Entre Rios,,BIOANALISE CASAMATER,64017040.0,8632158585,,1,1,0,1,0,0
2211009849874.0,221100,Teresina,Centro Norte Piauiense,Entre Rios,,HEMATO,64007240.0,86981273173,,1,1,0,1,0,0
2211009862390.0,221100,Teresina,Centro Norte Piauiense,Entre Rios,,BIOANALISE SC LTDA HOSPITAL SAO PAULO,64049440.0,8632158585,,1,1,0,1,0,0
2211009862552.0,221100,Teresina,Centro Norte Piauiense,Entre Rios,,BIOANALISE PICARRA,64015120.0,8632158585,,1,1,0,1,0,0
2211009862625.0,221100,Teresina,Centro Norte Piauiense,Entre Rios,,BIOANALISE LTDA,64049300.0,,,1,1,0,1,0,0
2211009862692.0,221100,Teresina,Centro Norte Piauiense,Entre Rios,,BIOANALISE LTDA,64014325.0,8632158585,,1,1,0,1,0,0
2211009874038.0,221100,Teresina,Centro Norte Piauiense,Entre Rios,,BIOANALISE LTDA,64001120.0,8632158585,,1,1,0,1,0,0
2211009874097.0,221100,Teresina,Centro Norte Piauiense,Entre Rios,,BIOANALISE LTDA,64078225.0,8632158585,,1,1,0,1,0,0
2211009874135.0,221100,Teresina,Centro Norte Piauiense,Entre Rios,,BIOANALISE LTDA,64022135.0,8632158585,,1,1,0,1,0,0
2211009874410.0,221100,Teresina,Centro Norte Piauiense,Entre Rios,,BIOANALISE LTDA,64049370.0,32158555,,1,1,0,0,0,1
2211203472671.0,221120,Uruçuí,Sudoeste Piauiense,Tabuleiros Do Alto Parnaìba,,CLINICA INDEPENDENCIA,64860000.0,086 5221584,,1,1,0,1,0,0
2211204010655.0,221120,Uruçuí,Sudoeste Piauiense,Tabuleiros Do Alto Parnaìba,,LACLIU LABORATORIO DE ANALISES CLINICAS,64860000.0,(89)3544-1394,marioscruz @vol.com.br,1,1,1,0,0,0
2211207027214.0,221120,Uruçuí,Sudoeste Piauiense,Tabuleiros Do Alto Parnaìba,,LABEN,64860000.0,(89) 3544-1388,,1,1,1,0,0,0
2211209138536.0,221120,Uruçuí,Sudoeste Piauiense,Tabuleiros Do Alto Parnaìba,2366381000152.0,LABORATORIO DE PROTESE DENTARIA DE URUCUI,64860000.0,,,1,1,1,0,0,0
2211209193146.0,221120,Uruçuí,Sudoeste Piauiense,Tabuleiros Do Alto Parnaìba,,BIOLAB,64860000.0,89 35441499,aupeconta@hotmail.com,1,1,1,1,0,0
2211209916253.0,221120,Uruçuí,Sudoeste Piauiense,Tabuleiros Do Alto Parnaìba,,LABORATORIO RIBEIRO,64860000.0,89 88156918,aupeconta@hotmail.com,1,1,0,1,0,0
2211302324091.0,221130,Valença do Piauí,Centro Norte Piauiense,Vale Do Sambito,,LABORATORIO DE ANALISES CLINICAS ESPECIALIZADAS LACLE,64300000.0,(86)4651343,francisco-afonso@uol.com.br,1,1,1,1,0,0
2211302364751.0,221130,Valença do Piauí,Centro Norte Piauiense,Vale Do Sambito,,ENDOCLIN,64300000.0,(86)4651294,,1,1,1,1,0,0
2211303781887.0,221130,Valença do Piauí,Centro Norte Piauiense,Vale Do Sambito,,LAB LABORATORIO DE ANALISES CLINICOS,64300000.0,,,1,1,0,1,0,0
2211303948811.0,221130,Valença do Piauí,Centro Norte Piauiense,Vale Do Sambito,,CLINLAB,64300000.0,86 99979326,confiarecontabilidade01@gmail.com,1,1,0,1,0,0
2211309356916.0,221130,Valença do Piauí,Centro Norte Piauiense,Vale Do Sambito,,A DENTAL,64300000.0,89-99934-0133,gerencialvalenca@gmail.com,1,1,0,1,0,0
2211357354371.0,221135,Várzea Branca,Sudoeste Piauiense,Serra Da Capivara,41522103000107.0,LRPD VARZEA BRANCA,64773000.0,,,1,1,1,0,0,0
2211507280823.0,221150,Vera Mendes,Sudeste Piauiense,Vale Do Rio Guaribas,1693184000185.0,LABORATORIO DE PROTESE DENTARIA DE VERA MENDES,64568000.0,8934580070,SMS VERA MENDES,1,1,1,0,0,0
2211607269692.0,221160,Vila Nova do Piauí,Sudeste Piauiense,Vale Do Rio Guaribas,2344726000177.0,LABORATORIO DE PROTESES,64688000.0,89 3437 0075,,1,1,1,0,0,0
2211700392448.0,221170,Wall Ferraz,Sudeste Piauiense,Vale Do Rio Guaribas,,NEW DENT,64548000.0,86 999187822,ysabel_pop2009@hotmail.com,1,1,0,1,1,1
2211707276737.0,221170,Wall Ferraz,Sudeste Piauiense,Vale Do Rio Guaribas,1710822000129.0,LRPD DE WALL FERRAZ,64548000.0,89 34520015,edilsonfeitosa@bol.com.br,1,1,1,0,0,0
